datetime,windSpeed,windGust,temperature,pressure,Solar,aveWindSpeed,airDensity,power,date,time
2022-03-01 00:00:00,14.0,16.0,68.0,30.0,0.0,15.0,1.0,611.0,2022-03-01,00:00:00
2022-03-01 01:00:00,15.0,17.0,67.0,30.0,0.0,16.0,1.0,768.0,2022-03-01,01:00:00
2022-03-01 02:00:00,17.0,19.0,67.0,30.0,0.0,18.0,1.0,1089.0,2022-03-01,02:00:00
2022-03-01 03:00:00,16.0,18.0,67.0,30.0,0.0,17.0,1.0,867.0,2022-03-01,03:00:00
2022-03-01 04:00:00,17.0,20.0,68.0,30.0,0.0,19.0,1.0,1233.0,2022-03-01,04:00:00
2022-03-01 05:00:00,16.0,19.0,67.0,30.0,0.0,18.0,1.0,1055.0,2022-03-01,05:00:00
2022-03-01 06:00:00,15.0,17.0,67.0,30.0,0.0,16.0,1.0,772.0,2022-03-01,06:00:00
2022-03-01 07:00:00,18.0,22.0,69.0,30.0,23.0,20.0,1.0,1482.0,2022-03-01,07:00:00
2022-03-01 08:00:00,23.0,27.0,71.0,30.0,96.0,25.0,1.0,2974.0,2022-03-01,08:00:00
2022-03-01 09:00:00,24.0,29.0,72.0,30.0,317.0,27.0,1.0,3450.0,2022-03-01,09:00:00
2022-03-01 10:00:00,26.0,30.0,72.0,30.0,331.0,28.0,1.0,4056.0,2022-03-01,10:00:00
2022-03-01 11:00:00,,,,,,,,,2022-03-01,11:00:00
2022-03-01 12:00:00,,,,,,,,,2022-03-01,12:00:00
2022-03-01 13:00:00,,,,,,,,,2022-03-01,13:00:00
2022-03-01 14:00:00,,,,,,,,,2022-03-01,14:00:00
2022-03-01 15:00:00,,,,,,,,,2022-03-01,15:00:00
2022-03-01 16:00:00,,,,,,,,,2022-03-01,16:00:00
2022-03-01 17:00:00,,,,,,,,,2022-03-01,17:00:00
2022-03-01 18:00:00,,,,,,,,,2022-03-01,18:00:00
2022-03-01 19:00:00,,,,,,,,,2022-03-01,19:00:00
2022-03-01 20:00:00,,,,,,,,,2022-03-01,20:00:00
2022-03-01 21:00:00,,,,,,,,,2022-03-01,21:00:00
2022-03-01 22:00:00,,,,,,,,,2022-03-01,22:00:00
2022-03-01 23:00:00,,,,,,,,,2022-03-01,23:00:00
2022-03-02 00:00:00,,,,,,,,,2022-03-02,00:00:00
2022-03-02 01:00:00,23.0,27.0,67.0,30.0,0.0,25.0,1.0,2996.0,2022-03-02,01:00:00
2022-03-02 02:00:00,24.0,28.0,66.0,30.0,0.0,26.0,1.0,3411.0,2022-03-02,02:00:00
2022-03-02 03:00:00,23.0,28.0,66.0,30.0,0.0,25.0,1.0,3083.0,2022-03-02,03:00:00
2022-03-02 04:00:00,25.0,29.0,66.0,30.0,0.0,27.0,1.0,3504.0,2022-03-02,04:00:00
2022-03-02 05:00:00,23.0,27.0,65.0,30.0,0.0,25.0,1.0,2931.0,2022-03-02,05:00:00
2022-03-02 06:00:00,25.0,29.0,66.0,30.0,0.0,27.0,1.0,3621.0,2022-03-02,06:00:00
2022-03-02 07:00:00,23.0,27.0,66.0,30.0,27.0,25.0,1.0,2911.0,2022-03-02,07:00:00
2022-03-02 08:00:00,24.0,28.0,68.0,30.0,142.0,26.0,1.0,3186.0,2022-03-02,08:00:00
2022-03-02 09:00:00,23.0,27.0,69.0,30.0,353.0,25.0,1.0,3061.0,2022-03-02,09:00:00
2022-03-02 10:00:00,24.0,28.0,70.0,30.0,656.0,26.0,1.0,3240.0,2022-03-02,10:00:00
2022-03-02 11:00:00,23.0,27.0,72.0,30.0,989.0,25.0,1.0,2749.0,2022-03-02,11:00:00
2022-03-02 12:00:00,19.0,23.0,72.0,30.0,507.0,21.0,1.0,1655.0,2022-03-02,12:00:00
2022-03-02 13:00:00,18.0,21.0,72.0,30.0,359.0,20.0,1.0,1379.0,2022-03-02,13:00:00
2022-03-02 14:00:00,22.0,25.0,73.0,30.0,640.0,24.0,1.0,2395.0,2022-03-02,14:00:00
2022-03-02 15:00:00,22.0,26.0,75.0,30.0,790.0,24.0,1.0,2405.0,2022-03-02,15:00:00
2022-03-02 16:00:00,23.0,27.0,76.0,30.0,676.0,25.0,1.0,3024.0,2022-03-02,16:00:00
2022-03-02 17:00:00,22.0,26.0,74.0,30.0,353.0,24.0,1.0,2518.0,2022-03-02,17:00:00
2022-03-02 18:00:00,22.0,26.0,72.0,30.0,119.0,24.0,1.0,2662.0,2022-03-02,18:00:00
2022-03-02 19:00:00,20.0,23.0,71.0,30.0,51.0,21.0,1.0,1775.0,2022-03-02,19:00:00
2022-03-02 20:00:00,18.0,21.0,69.0,30.0,1.0,20.0,1.0,1384.0,2022-03-02,20:00:00
2022-03-02 21:00:00,18.0,22.0,68.0,30.0,0.0,20.0,1.0,1489.0,2022-03-02,21:00:00
2022-03-02 22:00:00,17.0,20.0,68.0,30.0,0.0,19.0,1.0,1208.0,2022-03-02,22:00:00
2022-03-02 23:00:00,15.0,18.0,68.0,30.0,0.0,17.0,1.0,876.0,2022-03-02,23:00:00
2022-03-03 00:00:00,18.0,21.0,68.0,30.0,0.0,19.0,1.0,1359.0,2022-03-03,00:00:00
2022-03-03 01:00:00,18.0,22.0,68.0,30.0,0.0,20.0,1.0,1522.0,2022-03-03,01:00:00
2022-03-03 02:00:00,19.0,23.0,68.0,30.0,0.0,21.0,1.0,1782.0,2022-03-03,02:00:00
2022-03-03 03:00:00,21.0,25.0,68.0,30.0,0.0,23.0,1.0,2211.0,2022-03-03,03:00:00
2022-03-03 04:00:00,20.0,23.0,67.0,30.0,0.0,21.0,1.0,1800.0,2022-03-03,04:00:00
2022-03-03 05:00:00,16.0,19.0,67.0,30.0,0.0,18.0,1.0,1019.0,2022-03-03,05:00:00
2022-03-03 06:00:00,17.0,20.0,67.0,30.0,0.0,18.0,1.0,1119.0,2022-03-03,06:00:00
2022-03-03 07:00:00,17.0,20.0,67.0,30.0,27.0,19.0,1.0,1210.0,2022-03-03,07:00:00
2022-03-03 08:00:00,16.0,20.0,68.0,30.0,125.0,18.0,1.0,1064.0,2022-03-03,08:00:00
2022-03-03 09:00:00,19.0,23.0,70.0,30.0,426.0,21.0,1.0,1653.0,2022-03-03,09:00:00
2022-03-03 10:00:00,22.0,26.0,73.0,30.0,700.0,24.0,1.0,2489.0,2022-03-03,10:00:00
2022-03-03 11:00:00,22.0,27.0,75.0,30.0,915.0,25.0,1.0,2733.0,2022-03-03,11:00:00
2022-03-03 12:00:00,23.0,27.0,75.0,30.0,971.0,25.0,1.0,2782.0,2022-03-03,12:00:00
2022-03-03 13:00:00,23.0,28.0,76.0,30.0,855.0,25.0,1.0,2955.0,2022-03-03,13:00:00
2022-03-03 14:00:00,23.0,27.0,76.0,30.0,733.0,25.0,1.0,2833.0,2022-03-03,14:00:00
2022-03-03 15:00:00,20.0,24.0,76.0,30.0,634.0,22.0,1.0,1980.0,2022-03-03,15:00:00
2022-03-03 16:00:00,20.0,23.0,75.0,30.0,540.0,22.0,1.0,1831.0,2022-03-03,16:00:00
2022-03-03 17:00:00,23.0,27.0,73.0,30.0,327.0,25.0,1.0,2776.0,2022-03-03,17:00:00
2022-03-03 18:00:00,20.0,24.0,72.0,30.0,160.0,22.0,1.0,2036.0,2022-03-03,18:00:00
2022-03-03 19:00:00,18.0,21.0,70.0,30.0,25.0,19.0,1.0,1342.0,2022-03-03,19:00:00
2022-03-03 20:00:00,15.0,18.0,68.0,30.0,0.0,17.0,1.0,873.0,2022-03-03,20:00:00
2022-03-03 21:00:00,14.0,17.0,67.0,30.0,0.0,15.0,1.0,657.0,2022-03-03,21:00:00
2022-03-03 22:00:00,17.0,20.0,67.0,30.0,0.0,18.0,1.0,1127.0,2022-03-03,22:00:00
2022-03-03 23:00:00,16.0,19.0,67.0,30.0,0.0,18.0,1.0,1046.0,2022-03-03,23:00:00
2022-03-04 00:00:00,17.0,20.0,67.0,30.0,0.0,18.0,1.0,1176.0,2022-03-04,00:00:00
2022-03-04 01:00:00,19.0,23.0,67.0,30.0,0.0,21.0,1.0,1779.0,2022-03-04,01:00:00
2022-03-04 02:00:00,19.0,23.0,67.0,30.0,0.0,21.0,1.0,1713.0,2022-03-04,02:00:00
2022-03-04 03:00:00,19.0,23.0,67.0,30.0,0.0,21.0,1.0,1666.0,2022-03-04,03:00:00
2022-03-04 04:00:00,20.0,24.0,67.0,30.0,0.0,22.0,1.0,1925.0,2022-03-04,04:00:00
2022-03-04 05:00:00,21.0,24.0,67.0,30.0,0.0,22.0,1.0,2102.0,2022-03-04,05:00:00
2022-03-04 06:00:00,18.0,22.0,67.0,30.0,0.0,20.0,1.0,1458.0,2022-03-04,06:00:00
2022-03-04 07:00:00,19.0,23.0,67.0,30.0,19.0,21.0,1.0,1706.0,2022-03-04,07:00:00
2022-03-04 08:00:00,18.0,21.0,68.0,30.0,95.0,20.0,1.0,1428.0,2022-03-04,08:00:00
2022-03-04 09:00:00,18.0,21.0,69.0,30.0,174.0,19.0,1.0,1302.0,2022-03-04,09:00:00
2022-03-04 10:00:00,17.0,20.0,69.0,30.0,151.0,19.0,1.0,1204.0,2022-03-04,10:00:00
2022-03-04 11:00:00,19.0,22.0,70.0,30.0,294.0,20.0,1.0,1571.0,2022-03-04,11:00:00
2022-03-04 12:00:00,17.0,20.0,70.0,30.0,179.0,18.0,1.0,1157.0,2022-03-04,12:00:00
2022-03-04 13:00:00,16.0,20.0,70.0,30.0,149.0,18.0,1.0,1104.0,2022-03-04,13:00:00
2022-03-04 14:00:00,14.0,16.0,70.0,30.0,97.0,15.0,1.0,595.0,2022-03-04,14:00:00
2022-03-04 15:00:00,13.0,16.0,68.0,30.0,131.0,15.0,1.0,587.0,2022-03-04,15:00:00
2022-03-04 16:00:00,13.0,15.0,68.0,30.0,129.0,14.0,1.0,505.0,2022-03-04,16:00:00
2022-03-04 17:00:00,10.0,12.0,68.0,30.0,58.0,11.0,1.0,226.0,2022-03-04,17:00:00
2022-03-04 18:00:00,12.0,14.0,67.0,30.0,25.0,13.0,1.0,378.0,2022-03-04,18:00:00
2022-03-04 19:00:00,12.0,14.0,67.0,30.0,5.0,13.0,1.0,392.0,2022-03-04,19:00:00
2022-03-04 20:00:00,11.0,13.0,67.0,30.0,0.0,12.0,1.0,339.0,2022-03-04,20:00:00
2022-03-04 21:00:00,11.0,13.0,67.0,30.0,0.0,12.0,1.0,289.0,2022-03-04,21:00:00
2022-03-04 22:00:00,11.0,14.0,66.0,30.0,0.0,13.0,1.0,362.0,2022-03-04,22:00:00
2022-03-04 23:00:00,7.0,9.0,66.0,30.0,0.0,8.0,1.0,103.0,2022-03-04,23:00:00
2022-03-05 00:00:00,11.0,13.0,66.0,30.0,0.0,12.0,1.0,328.0,2022-03-05,00:00:00
2022-03-05 01:00:00,5.0,6.0,66.0,30.0,0.0,5.0,1.0,0.0,2022-03-05,01:00:00
2022-03-05 02:00:00,4.0,5.0,65.0,30.0,0.0,4.0,1.0,0.0,2022-03-05,02:00:00
2022-03-05 03:00:00,1.0,1.0,64.0,30.0,0.0,1.0,1.0,0.0,2022-03-05,03:00:00
2022-03-05 04:00:00,0.0,0.0,63.0,30.0,0.0,0.0,1.0,0.0,2022-03-05,04:00:00
2022-03-05 05:00:00,0.0,0.0,63.0,30.0,0.0,0.0,1.0,0.0,2022-03-05,05:00:00
2022-03-05 06:00:00,0.0,0.0,63.0,30.0,0.0,0.0,1.0,0.0,2022-03-05,06:00:00
2022-03-05 07:00:00,1.0,2.0,62.0,30.0,27.0,1.0,1.0,0.0,2022-03-05,07:00:00
2022-03-05 08:00:00,0.0,0.0,64.0,30.0,96.0,0.0,1.0,0.0,2022-03-05,08:00:00
2022-03-05 09:00:00,5.0,6.0,65.0,30.0,221.0,6.0,1.0,0.0,2022-03-05,09:00:00
2022-03-05 10:00:00,8.0,9.0,66.0,30.0,452.0,8.0,1.0,104.0,2022-03-05,10:00:00
2022-03-05 11:00:00,6.0,7.0,69.0,30.0,861.0,6.0,1.0,0.0,2022-03-05,11:00:00
2022-03-05 12:00:00,9.0,11.0,73.0,30.0,909.0,10.0,1.0,190.0,2022-03-05,12:00:00
2022-03-05 13:00:00,11.0,13.0,72.0,30.0,817.0,12.0,1.0,339.0,2022-03-05,13:00:00
2022-03-05 14:00:00,12.0,14.0,71.0,30.0,736.0,13.0,1.0,404.0,2022-03-05,14:00:00
2022-03-05 15:00:00,15.0,18.0,69.0,30.0,765.0,16.0,1.0,764.0,2022-03-05,15:00:00
2022-03-05 16:00:00,14.0,18.0,68.0,30.0,550.0,16.0,1.0,748.0,2022-03-05,16:00:00
2022-03-05 17:00:00,15.0,18.0,67.0,30.0,362.0,16.0,1.0,781.0,2022-03-05,17:00:00
2022-03-05 18:00:00,14.0,18.0,65.0,30.0,94.0,16.0,1.0,728.0,2022-03-05,18:00:00
2022-03-05 19:00:00,14.0,17.0,63.0,30.0,17.0,16.0,1.0,733.0,2022-03-05,19:00:00
2022-03-05 20:00:00,18.0,22.0,62.0,30.0,0.0,20.0,1.0,1557.0,2022-03-05,20:00:00
2022-03-05 21:00:00,17.0,20.0,61.0,30.0,0.0,19.0,1.0,1207.0,2022-03-05,21:00:00
2022-03-05 22:00:00,17.0,21.0,60.0,30.0,0.0,19.0,1.0,1321.0,2022-03-05,22:00:00
2022-03-05 23:00:00,20.0,24.0,59.0,30.0,0.0,22.0,1.0,2018.0,2022-03-05,23:00:00
2022-03-06 00:00:00,15.0,20.0,58.0,30.0,0.0,18.0,1.0,1019.0,2022-03-06,00:00:00
2022-03-06 01:00:00,16.0,20.0,57.0,30.0,0.0,18.0,1.0,1100.0,2022-03-06,01:00:00
2022-03-06 02:00:00,15.0,20.0,57.0,30.0,0.0,18.0,1.0,1053.0,2022-03-06,02:00:00
2022-03-06 03:00:00,17.0,21.0,56.0,30.0,0.0,19.0,1.0,1264.0,2022-03-06,03:00:00
2022-03-06 04:00:00,16.0,20.0,55.0,30.0,0.0,18.0,1.0,1121.0,2022-03-06,04:00:00
2022-03-06 05:00:00,17.0,22.0,55.0,30.0,0.0,20.0,1.0,1478.0,2022-03-06,05:00:00
2022-03-06 06:00:00,17.0,22.0,55.0,30.0,0.0,19.0,1.0,1348.0,2022-03-06,06:00:00
2022-03-06 07:00:00,15.0,19.0,54.0,30.0,20.0,17.0,1.0,898.0,2022-03-06,07:00:00
2022-03-06 08:00:00,16.0,20.0,56.0,30.0,120.0,18.0,1.0,1040.0,2022-03-06,08:00:00
2022-03-06 09:00:00,14.0,17.0,57.0,30.0,285.0,16.0,1.0,743.0,2022-03-06,09:00:00
2022-03-06 10:00:00,11.0,13.0,59.0,30.0,239.0,12.0,1.0,326.0,2022-03-06,10:00:00
2022-03-06 11:00:00,7.0,9.0,63.0,30.0,375.0,8.0,1.0,85.0,2022-03-06,11:00:00
2022-03-06 12:00:00,6.0,7.0,65.0,30.0,612.0,6.0,1.0,0.0,2022-03-06,12:00:00
2022-03-06 13:00:00,11.0,13.0,67.0,30.0,789.0,12.0,1.0,327.0,2022-03-06,13:00:00
2022-03-06 14:00:00,8.0,10.0,70.0,30.0,907.0,9.0,1.0,142.0,2022-03-06,14:00:00
2022-03-06 15:00:00,6.0,7.0,70.0,30.0,751.0,6.0,1.0,0.0,2022-03-06,15:00:00
2022-03-06 16:00:00,9.0,11.0,67.0,30.0,345.0,10.0,1.0,199.0,2022-03-06,16:00:00
2022-03-06 17:00:00,7.0,8.0,66.0,30.0,374.0,7.0,1.0,78.0,2022-03-06,17:00:00
2022-03-06 18:00:00,4.0,4.0,65.0,30.0,164.0,4.0,1.0,0.0,2022-03-06,18:00:00
2022-03-06 19:00:00,1.0,1.0,62.0,30.0,30.0,1.0,1.0,0.0,2022-03-06,19:00:00
2022-03-06 20:00:00,0.0,0.0,58.0,30.0,0.0,0.0,1.0,0.0,2022-03-06,20:00:00
2022-03-06 21:00:00,0.0,0.0,60.0,30.0,0.0,0.0,1.0,0.0,2022-03-06,21:00:00
2022-03-06 22:00:00,1.0,1.0,60.0,30.0,0.0,1.0,1.0,0.0,2022-03-06,22:00:00
2022-03-06 23:00:00,4.0,5.0,60.0,30.0,0.0,4.0,1.0,0.0,2022-03-06,23:00:00
2022-03-07 00:00:00,10.0,12.0,59.0,30.0,0.0,11.0,1.0,247.0,2022-03-07,00:00:00
2022-03-07 01:00:00,11.0,13.0,58.0,30.0,0.0,12.0,1.0,327.0,2022-03-07,01:00:00
2022-03-07 02:00:00,10.0,12.0,55.0,30.0,0.0,11.0,1.0,252.0,2022-03-07,02:00:00
2022-03-07 03:00:00,10.0,12.0,53.0,30.0,0.0,11.0,1.0,270.0,2022-03-07,03:00:00
2022-03-07 04:00:00,11.0,13.0,52.0,30.0,0.0,12.0,1.0,342.0,2022-03-07,04:00:00
2022-03-07 05:00:00,11.0,12.0,51.0,30.0,0.0,12.0,1.0,295.0,2022-03-07,05:00:00
2022-03-07 06:00:00,10.0,12.0,51.0,30.0,0.0,11.0,1.0,274.0,2022-03-07,06:00:00
2022-03-07 07:00:00,11.0,13.0,52.0,30.0,21.0,12.0,1.0,338.0,2022-03-07,07:00:00
2022-03-07 08:00:00,11.0,13.0,54.0,30.0,111.0,12.0,1.0,333.0,2022-03-07,08:00:00
2022-03-07 09:00:00,10.0,12.0,58.0,30.0,234.0,11.0,1.0,268.0,2022-03-07,09:00:00
2022-03-07 10:00:00,12.0,14.0,60.0,30.0,499.0,13.0,1.0,393.0,2022-03-07,10:00:00
2022-03-07 11:00:00,12.0,14.0,64.0,30.0,839.0,13.0,1.0,449.0,2022-03-07,11:00:00
2022-03-07 12:00:00,7.0,9.0,67.0,30.0,748.0,8.0,1.0,95.0,2022-03-07,12:00:00
2022-03-07 13:00:00,3.0,4.0,67.0,30.0,384.0,4.0,1.0,0.0,2022-03-07,13:00:00
2022-03-07 14:00:00,4.0,5.0,68.0,30.0,592.0,4.0,1.0,0.0,2022-03-07,14:00:00
2022-03-07 15:00:00,5.0,6.0,67.0,30.0,331.0,6.0,1.0,0.0,2022-03-07,15:00:00
2022-03-07 16:00:00,7.0,8.0,66.0,30.0,236.0,8.0,1.0,80.0,2022-03-07,16:00:00
2022-03-07 17:00:00,7.0,9.0,66.0,30.0,156.0,8.0,1.0,96.0,2022-03-07,17:00:00
2022-03-07 18:00:00,5.0,6.0,66.0,30.0,143.0,6.0,1.0,0.0,2022-03-07,18:00:00
2022-03-07 19:00:00,4.0,5.0,63.0,30.0,25.0,4.0,1.0,0.0,2022-03-07,19:00:00
2022-03-07 20:00:00,3.0,4.0,60.0,30.0,0.0,4.0,1.0,0.0,2022-03-07,20:00:00
2022-03-07 21:00:00,5.0,6.0,61.0,30.0,0.0,6.0,1.0,0.0,2022-03-07,21:00:00
2022-03-07 22:00:00,5.0,6.0,60.0,30.0,0.0,6.0,1.0,0.0,2022-03-07,22:00:00
2022-03-07 23:00:00,4.0,5.0,59.0,30.0,0.0,5.0,1.0,0.0,2022-03-07,23:00:00
2022-03-08 00:00:00,4.0,4.0,57.0,30.0,0.0,4.0,1.0,0.0,2022-03-08,00:00:00
2022-03-08 01:00:00,4.0,4.0,57.0,30.0,0.0,4.0,1.0,0.0,2022-03-08,01:00:00
2022-03-08 02:00:00,4.0,5.0,57.0,30.0,0.0,4.0,1.0,0.0,2022-03-08,02:00:00
2022-03-08 03:00:00,5.0,6.0,58.0,30.0,0.0,5.0,1.0,0.0,2022-03-08,03:00:00
2022-03-08 04:00:00,10.0,12.0,57.0,30.0,0.0,11.0,1.0,246.0,2022-03-08,04:00:00
2022-03-08 05:00:00,9.0,11.0,55.0,30.0,0.0,10.0,1.0,198.0,2022-03-08,05:00:00
2022-03-08 06:00:00,8.0,10.0,55.0,30.0,0.0,9.0,1.0,146.0,2022-03-08,06:00:00
2022-03-08 07:00:00,5.0,7.0,55.0,30.0,24.0,6.0,1.0,0.0,2022-03-08,07:00:00
2022-03-08 08:00:00,7.0,9.0,56.0,30.0,128.0,8.0,1.0,113.0,2022-03-08,08:00:00
2022-03-08 09:00:00,10.0,13.0,59.0,30.0,336.0,12.0,1.0,309.0,2022-03-08,09:00:00
2022-03-08 10:00:00,12.0,16.0,61.0,30.0,555.0,14.0,1.0,523.0,2022-03-08,10:00:00
2022-03-08 11:00:00,13.0,16.0,63.0,30.0,966.0,14.0,1.0,531.0,2022-03-08,11:00:00
2022-03-08 12:00:00,12.0,14.0,65.0,30.0,887.0,13.0,1.0,408.0,2022-03-08,12:00:00
2022-03-08 13:00:00,14.0,17.0,65.0,30.0,773.0,15.0,1.0,690.0,2022-03-08,13:00:00
2022-03-08 14:00:00,16.0,20.0,65.0,30.0,715.0,18.0,1.0,1069.0,2022-03-08,14:00:00
2022-03-08 15:00:00,16.0,20.0,65.0,30.0,632.0,18.0,1.0,1085.0,2022-03-08,15:00:00
2022-03-08 16:00:00,17.0,20.0,64.0,30.0,510.0,18.0,1.0,1188.0,2022-03-08,16:00:00
2022-03-08 17:00:00,18.0,21.0,63.0,30.0,336.0,19.0,1.0,1382.0,2022-03-08,17:00:00
2022-03-08 18:00:00,12.0,15.0,61.0,30.0,139.0,14.0,1.0,485.0,2022-03-08,18:00:00
2022-03-08 19:00:00,11.0,13.0,58.0,30.0,23.0,12.0,1.0,332.0,2022-03-08,19:00:00
2022-03-08 20:00:00,9.0,11.0,56.0,30.0,0.0,10.0,1.0,192.0,2022-03-08,20:00:00
2022-03-08 21:00:00,9.0,11.0,55.0,30.0,0.0,10.0,1.0,176.0,2022-03-08,21:00:00
2022-03-08 22:00:00,9.0,11.0,55.0,30.0,0.0,10.0,1.0,190.0,2022-03-08,22:00:00
2022-03-08 23:00:00,9.0,11.0,54.0,30.0,0.0,10.0,1.0,176.0,2022-03-08,23:00:00
2022-03-09 00:00:00,7.0,9.0,55.0,30.0,0.0,8.0,1.0,93.0,2022-03-09,00:00:00
2022-03-09 01:00:00,5.0,6.0,57.0,30.0,0.0,6.0,1.0,0.0,2022-03-09,01:00:00
2022-03-09 02:00:00,5.0,6.0,57.0,30.0,0.0,6.0,1.0,0.0,2022-03-09,02:00:00
2022-03-09 03:00:00,6.0,7.0,55.0,30.0,0.0,7.0,1.0,0.0,2022-03-09,03:00:00
2022-03-09 04:00:00,9.0,10.0,55.0,30.0,0.0,9.0,1.0,157.0,2022-03-09,04:00:00
2022-03-09 05:00:00,5.0,6.0,55.0,30.0,0.0,6.0,1.0,0.0,2022-03-09,05:00:00
2022-03-09 06:00:00,3.0,3.0,54.0,30.0,0.0,3.0,1.0,0.0,2022-03-09,06:00:00
2022-03-09 07:00:00,3.0,4.0,54.0,30.0,19.0,3.0,1.0,0.0,2022-03-09,07:00:00
2022-03-09 08:00:00,6.0,7.0,56.0,30.0,103.0,6.0,1.0,0.0,2022-03-09,08:00:00
2022-03-09 09:00:00,7.0,8.0,58.0,30.0,252.0,8.0,1.0,86.0,2022-03-09,09:00:00
2022-03-09 10:00:00,4.0,5.0,62.0,30.0,675.0,5.0,1.0,0.0,2022-03-09,10:00:00
2022-03-09 11:00:00,7.0,8.0,62.0,30.0,710.0,7.0,1.0,71.0,2022-03-09,11:00:00
2022-03-09 12:00:00,8.0,10.0,63.0,30.0,1100.0,9.0,1.0,151.0,2022-03-09,12:00:00
2022-03-09 13:00:00,9.0,11.0,63.0,30.0,751.0,10.0,1.0,200.0,2022-03-09,13:00:00
2022-03-09 14:00:00,11.0,13.0,64.0,30.0,780.0,12.0,1.0,357.0,2022-03-09,14:00:00
2022-03-09 15:00:00,11.0,13.0,65.0,30.0,660.0,12.0,1.0,341.0,2022-03-09,15:00:00
2022-03-09 16:00:00,13.0,16.0,64.0,30.0,503.0,15.0,1.0,577.0,2022-03-09,16:00:00
2022-03-09 17:00:00,13.0,15.0,63.0,30.0,330.0,14.0,1.0,526.0,2022-03-09,17:00:00
2022-03-09 18:00:00,13.0,16.0,62.0,30.0,131.0,14.0,1.0,531.0,2022-03-09,18:00:00
2022-03-09 19:00:00,11.0,14.0,60.0,30.0,23.0,13.0,1.0,378.0,2022-03-09,19:00:00
2022-03-09 20:00:00,8.0,10.0,58.0,30.0,0.0,9.0,1.0,154.0,2022-03-09,20:00:00
2022-03-09 21:00:00,7.0,9.0,57.0,30.0,0.0,8.0,1.0,96.0,2022-03-09,21:00:00
2022-03-09 22:00:00,7.0,9.0,57.0,30.0,0.0,8.0,1.0,117.0,2022-03-09,22:00:00
2022-03-09 23:00:00,9.0,11.0,56.0,30.0,0.0,10.0,1.0,191.0,2022-03-09,23:00:00
2022-03-10 00:00:00,8.0,10.0,56.0,30.0,0.0,9.0,1.0,141.0,2022-03-10,00:00:00
2022-03-10 01:00:00,7.0,9.0,55.0,30.0,0.0,8.0,1.0,109.0,2022-03-10,01:00:00
2022-03-10 02:00:00,10.0,12.0,54.0,30.0,0.0,11.0,1.0,251.0,2022-03-10,02:00:00
2022-03-10 03:00:00,9.0,11.0,54.0,30.0,0.0,10.0,1.0,207.0,2022-03-10,03:00:00
2022-03-10 04:00:00,7.0,9.0,54.0,30.0,0.0,8.0,1.0,101.0,2022-03-10,04:00:00
2022-03-10 05:00:00,6.0,7.0,53.0,30.0,0.0,6.0,1.0,0.0,2022-03-10,05:00:00
2022-03-10 06:00:00,5.0,7.0,52.0,30.0,0.0,6.0,1.0,0.0,2022-03-10,06:00:00
2022-03-10 07:00:00,6.0,7.0,52.0,30.0,18.0,6.0,1.0,0.0,2022-03-10,07:00:00
2022-03-10 08:00:00,8.0,10.0,56.0,30.0,107.0,9.0,1.0,119.0,2022-03-10,08:00:00
2022-03-10 09:00:00,8.0,10.0,60.0,30.0,317.0,9.0,1.0,129.0,2022-03-10,09:00:00
2022-03-10 10:00:00,9.0,11.0,63.0,30.0,614.0,10.0,1.0,170.0,2022-03-10,10:00:00
2022-03-10 11:00:00,12.0,14.0,64.0,30.0,877.0,13.0,1.0,418.0,2022-03-10,11:00:00
2022-03-10 12:00:00,12.0,15.0,65.0,30.0,883.0,14.0,1.0,471.0,2022-03-10,12:00:00
2022-03-10 13:00:00,12.0,15.0,65.0,30.0,804.0,14.0,1.0,490.0,2022-03-10,13:00:00
2022-03-10 14:00:00,14.0,17.0,65.0,30.0,744.0,15.0,1.0,672.0,2022-03-10,14:00:00
2022-03-10 15:00:00,15.0,19.0,64.0,30.0,663.0,17.0,1.0,939.0,2022-03-10,15:00:00
2022-03-10 16:00:00,14.0,17.0,63.0,30.0,491.0,16.0,1.0,738.0,2022-03-10,16:00:00
2022-03-10 17:00:00,12.0,15.0,62.0,30.0,380.0,14.0,1.0,477.0,2022-03-10,17:00:00
2022-03-10 18:00:00,11.0,13.0,61.0,30.0,146.0,12.0,1.0,331.0,2022-03-10,18:00:00
2022-03-10 19:00:00,6.0,8.0,59.0,30.0,17.0,7.0,1.0,70.0,2022-03-10,19:00:00
2022-03-10 20:00:00,6.0,8.0,58.0,30.0,0.0,7.0,1.0,70.0,2022-03-10,20:00:00
2022-03-10 21:00:00,5.0,6.0,57.0,30.0,0.0,5.0,1.0,0.0,2022-03-10,21:00:00
2022-03-10 22:00:00,4.0,5.0,57.0,30.0,0.0,4.0,1.0,0.0,2022-03-10,22:00:00
2022-03-10 23:00:00,4.0,6.0,57.0,30.0,0.0,5.0,1.0,0.0,2022-03-10,23:00:00
2022-03-11 00:00:00,5.0,6.0,56.0,30.0,0.0,5.0,1.0,0.0,2022-03-11,00:00:00
2022-03-11 01:00:00,3.0,4.0,56.0,30.0,0.0,4.0,1.0,0.0,2022-03-11,01:00:00
2022-03-11 02:00:00,4.0,4.0,56.0,30.0,0.0,4.0,1.0,0.0,2022-03-11,02:00:00
2022-03-11 03:00:00,3.0,4.0,55.0,30.0,0.0,4.0,1.0,0.0,2022-03-11,03:00:00
2022-03-11 04:00:00,3.0,4.0,54.0,30.0,0.0,4.0,1.0,0.0,2022-03-11,04:00:00
2022-03-11 05:00:00,3.0,4.0,53.0,30.0,0.0,3.0,1.0,0.0,2022-03-11,05:00:00
2022-03-11 06:00:00,2.0,3.0,53.0,30.0,0.0,2.0,1.0,0.0,2022-03-11,06:00:00
2022-03-11 07:00:00,3.0,3.0,54.0,30.0,11.0,3.0,1.0,0.0,2022-03-11,07:00:00
2022-03-11 08:00:00,3.0,4.0,56.0,30.0,51.0,4.0,1.0,0.0,2022-03-11,08:00:00
2022-03-11 09:00:00,4.0,5.0,58.0,30.0,118.0,5.0,1.0,0.0,2022-03-11,09:00:00
2022-03-11 10:00:00,6.0,7.0,61.0,30.0,393.0,6.0,1.0,0.0,2022-03-11,10:00:00
2022-03-11 11:00:00,7.0,8.0,61.0,30.0,348.0,7.0,1.0,76.0,2022-03-11,11:00:00
2022-03-11 12:00:00,9.0,11.0,64.0,30.0,658.0,10.0,1.0,197.0,2022-03-11,12:00:00
2022-03-11 13:00:00,9.0,11.0,64.0,30.0,540.0,10.0,1.0,195.0,2022-03-11,13:00:00
2022-03-11 14:00:00,10.0,12.0,63.0,30.0,355.0,11.0,1.0,269.0,2022-03-11,14:00:00
2022-03-11 15:00:00,11.0,13.0,64.0,30.0,734.0,12.0,1.0,342.0,2022-03-11,15:00:00
2022-03-11 16:00:00,10.0,13.0,65.0,30.0,682.0,12.0,1.0,287.0,2022-03-11,16:00:00
2022-03-11 17:00:00,9.0,11.0,64.0,30.0,347.0,10.0,1.0,191.0,2022-03-11,17:00:00
2022-03-11 18:00:00,9.0,11.0,62.0,30.0,118.0,10.0,1.0,175.0,2022-03-11,18:00:00
2022-03-11 19:00:00,5.0,6.0,60.0,30.0,19.0,5.0,1.0,0.0,2022-03-11,19:00:00
2022-03-11 20:00:00,3.0,4.0,57.0,30.0,0.0,3.0,1.0,0.0,2022-03-11,20:00:00
2022-03-11 21:00:00,5.0,6.0,57.0,30.0,0.0,5.0,1.0,0.0,2022-03-11,21:00:00
2022-03-11 22:00:00,4.0,4.0,57.0,30.0,0.0,4.0,1.0,0.0,2022-03-11,22:00:00
2022-03-11 23:00:00,4.0,5.0,55.0,30.0,0.0,4.0,1.0,0.0,2022-03-11,23:00:00
2022-03-12 00:00:00,3.0,4.0,55.0,30.0,0.0,4.0,1.0,0.0,2022-03-12,00:00:00
2022-03-12 01:00:00,3.0,3.0,54.0,30.0,0.0,3.0,1.0,0.0,2022-03-12,01:00:00
2022-03-12 02:00:00,4.0,5.0,54.0,30.0,0.0,5.0,1.0,0.0,2022-03-12,02:00:00
2022-03-12 03:00:00,5.0,7.0,55.0,30.0,0.0,6.0,1.0,0.0,2022-03-12,03:00:00
2022-03-12 04:00:00,5.0,6.0,55.0,30.0,0.0,5.0,1.0,0.0,2022-03-12,04:00:00
2022-03-12 05:00:00,4.0,5.0,54.0,30.0,0.0,4.0,1.0,0.0,2022-03-12,05:00:00
2022-03-12 06:00:00,4.0,5.0,54.0,30.0,0.0,4.0,1.0,0.0,2022-03-12,06:00:00
2022-03-12 07:00:00,4.0,4.0,56.0,30.0,18.0,4.0,1.0,0.0,2022-03-12,07:00:00
2022-03-12 08:00:00,2.0,3.0,59.0,30.0,104.0,3.0,1.0,0.0,2022-03-12,08:00:00
2022-03-12 09:00:00,4.0,5.0,60.0,30.0,166.0,4.0,1.0,0.0,2022-03-12,09:00:00
2022-03-12 10:00:00,3.0,3.0,63.0,30.0,487.0,3.0,1.0,0.0,2022-03-12,10:00:00
2022-03-12 11:00:00,5.0,6.0,64.0,30.0,383.0,5.0,1.0,0.0,2022-03-12,11:00:00
2022-03-12 12:00:00,9.0,10.0,66.0,30.0,788.0,10.0,1.0,164.0,2022-03-12,12:00:00
2022-03-12 13:00:00,10.0,12.0,68.0,30.0,936.0,11.0,1.0,226.0,2022-03-12,13:00:00
2022-03-12 14:00:00,11.0,12.0,68.0,30.0,826.0,12.0,1.0,290.0,2022-03-12,14:00:00
2022-03-12 15:00:00,10.0,12.0,68.0,30.0,647.0,11.0,1.0,276.0,2022-03-12,15:00:00
2022-03-12 16:00:00,11.0,13.0,67.0,30.0,497.0,12.0,1.0,319.0,2022-03-12,16:00:00
2022-03-12 17:00:00,10.0,12.0,66.0,30.0,321.0,11.0,1.0,264.0,2022-03-12,17:00:00
2022-03-12 18:00:00,8.0,10.0,65.0,30.0,115.0,9.0,1.0,144.0,2022-03-12,18:00:00
2022-03-12 19:00:00,7.0,8.0,62.0,30.0,18.0,8.0,1.0,85.0,2022-03-12,19:00:00
2022-03-12 20:00:00,6.0,7.0,59.0,30.0,0.0,6.0,1.0,0.0,2022-03-12,20:00:00
2022-03-12 21:00:00,5.0,6.0,59.0,30.0,0.0,6.0,1.0,0.0,2022-03-12,21:00:00
2022-03-12 22:00:00,6.0,8.0,58.0,30.0,0.0,7.0,1.0,0.0,2022-03-12,22:00:00
2022-03-12 23:00:00,8.0,10.0,58.0,30.0,0.0,9.0,1.0,118.0,2022-03-12,23:00:00
2022-03-13 00:00:00,9.0,10.0,57.0,30.0,0.0,9.0,1.0,152.0,2022-03-13,00:00:00
2022-03-13 01:00:00,9.0,11.0,58.0,30.0,0.0,10.0,1.0,195.0,2022-03-13,01:00:00
2022-03-13 02:00:00,7.0,8.0,57.0,30.0,0.0,8.0,1.0,91.0,2022-03-13,02:00:00
2022-03-13 03:00:00,4.0,5.0,55.0,30.0,0.0,5.0,1.0,0.0,2022-03-13,03:00:00
2022-03-13 04:00:00,5.0,5.0,55.0,30.0,0.0,5.0,1.0,0.0,2022-03-13,04:00:00
2022-03-13 05:00:00,5.0,6.0,56.0,30.0,0.0,5.0,1.0,0.0,2022-03-13,05:00:00
2022-03-13 06:00:00,5.0,6.0,56.0,30.0,0.0,6.0,1.0,0.0,2022-03-13,06:00:00
2022-03-13 07:00:00,6.0,8.0,57.0,30.0,17.0,7.0,1.0,0.0,2022-03-13,07:00:00
2022-03-13 08:00:00,9.0,11.0,60.0,30.0,102.0,10.0,1.0,182.0,2022-03-13,08:00:00
2022-03-13 09:00:00,12.0,14.0,64.0,30.0,298.0,13.0,1.0,380.0,2022-03-13,09:00:00
2022-03-13 10:00:00,12.0,14.0,68.0,30.0,613.0,13.0,1.0,436.0,2022-03-13,10:00:00
2022-03-13 11:00:00,14.0,17.0,70.0,30.0,890.0,15.0,1.0,668.0,2022-03-13,11:00:00
2022-03-13 12:00:00,14.0,17.0,72.0,30.0,959.0,16.0,1.0,691.0,2022-03-13,12:00:00
2022-03-13 13:00:00,12.0,15.0,73.0,30.0,829.0,13.0,1.0,452.0,2022-03-13,13:00:00
2022-03-13 14:00:00,11.0,14.0,74.0,30.0,722.0,13.0,1.0,360.0,2022-03-13,14:00:00
2022-03-13 15:00:00,9.0,11.0,75.0,30.0,649.0,10.0,1.0,172.0,2022-03-13,15:00:00
2022-03-13 16:00:00,6.0,7.0,76.0,30.0,502.0,7.0,1.0,0.0,2022-03-13,16:00:00
2022-03-13 17:00:00,5.0,7.0,74.0,30.0,332.0,6.0,1.0,0.0,2022-03-13,17:00:00
2022-03-13 18:00:00,10.0,12.0,69.0,30.0,66.0,11.0,1.0,238.0,2022-03-13,18:00:00
2022-03-13 19:00:00,8.0,10.0,66.0,30.0,19.0,9.0,1.0,148.0,2022-03-13,19:00:00
2022-03-13 20:00:00,6.0,8.0,63.0,30.0,0.0,7.0,1.0,0.0,2022-03-13,20:00:00
2022-03-13 21:00:00,7.0,9.0,62.0,30.0,0.0,8.0,1.0,103.0,2022-03-13,21:00:00
2022-03-13 22:00:00,8.0,10.0,62.0,30.0,0.0,9.0,1.0,126.0,2022-03-13,22:00:00
2022-03-13 23:00:00,7.0,9.0,62.0,30.0,0.0,8.0,1.0,89.0,2022-03-13,23:00:00
2022-03-14 00:00:00,7.0,8.0,62.0,30.0,0.0,8.0,1.0,85.0,2022-03-14,00:00:00
2022-03-14 01:00:00,7.0,9.0,61.0,30.0,0.0,8.0,1.0,94.0,2022-03-14,01:00:00
2022-03-14 02:00:00,6.0,7.0,60.0,30.0,0.0,7.0,1.0,0.0,2022-03-14,02:00:00
2022-03-14 03:00:00,6.0,8.0,61.0,30.0,0.0,7.0,1.0,70.0,2022-03-14,03:00:00
2022-03-14 04:00:00,5.0,6.0,60.0,30.0,0.0,6.0,1.0,0.0,2022-03-14,04:00:00
2022-03-14 05:00:00,6.0,7.0,58.0,30.0,0.0,6.0,1.0,0.0,2022-03-14,05:00:00
2022-03-14 06:00:00,6.0,8.0,60.0,30.0,0.0,7.0,1.0,0.0,2022-03-14,06:00:00
2022-03-14 07:00:00,4.0,6.0,60.0,30.0,17.0,5.0,1.0,0.0,2022-03-14,07:00:00
2022-03-14 08:00:00,6.0,7.0,63.0,30.0,95.0,7.0,1.0,0.0,2022-03-14,08:00:00
2022-03-14 09:00:00,12.0,14.0,67.0,30.0,339.0,13.0,1.0,387.0,2022-03-14,09:00:00
2022-03-14 10:00:00,12.0,14.0,70.0,30.0,519.0,13.0,1.0,369.0,2022-03-14,10:00:00
2022-03-14 11:00:00,10.0,12.0,71.0,30.0,462.0,11.0,1.0,262.0,2022-03-14,11:00:00
2022-03-14 12:00:00,13.0,15.0,71.0,30.0,363.0,14.0,1.0,503.0,2022-03-14,12:00:00
2022-03-14 13:00:00,15.0,17.0,73.0,30.0,536.0,16.0,1.0,754.0,2022-03-14,13:00:00
2022-03-14 14:00:00,15.0,18.0,74.0,30.0,537.0,16.0,1.0,799.0,2022-03-14,14:00:00
2022-03-14 15:00:00,16.0,18.0,73.0,30.0,502.0,17.0,1.0,918.0,2022-03-14,15:00:00
2022-03-14 16:00:00,14.0,17.0,73.0,30.0,359.0,15.0,1.0,678.0,2022-03-14,16:00:00
2022-03-14 17:00:00,15.0,17.0,71.0,30.0,201.0,16.0,1.0,738.0,2022-03-14,17:00:00
2022-03-14 18:00:00,16.0,19.0,70.0,30.0,77.0,17.0,1.0,947.0,2022-03-14,18:00:00
2022-03-14 19:00:00,15.0,18.0,68.0,30.0,10.0,17.0,1.0,854.0,2022-03-14,19:00:00
2022-03-14 20:00:00,15.0,18.0,67.0,30.0,0.0,17.0,1.0,885.0,2022-03-14,20:00:00
2022-03-14 21:00:00,16.0,19.0,67.0,30.0,0.0,17.0,1.0,996.0,2022-03-14,21:00:00
2022-03-14 22:00:00,16.0,19.0,66.0,30.0,0.0,18.0,1.0,1008.0,2022-03-14,22:00:00
2022-03-14 23:00:00,15.0,18.0,66.0,30.0,0.0,17.0,1.0,881.0,2022-03-14,23:00:00
2022-03-15 00:00:00,17.0,20.0,65.0,30.0,0.0,19.0,1.0,1285.0,2022-03-15,00:00:00
2022-03-15 01:00:00,20.0,23.0,65.0,30.0,0.0,21.0,1.0,1848.0,2022-03-15,01:00:00
2022-03-15 02:00:00,19.0,22.0,65.0,30.0,0.0,21.0,1.0,1713.0,2022-03-15,02:00:00
2022-03-15 03:00:00,17.0,21.0,64.0,30.0,0.0,19.0,1.0,1289.0,2022-03-15,03:00:00
2022-03-15 04:00:00,18.0,21.0,65.0,30.0,0.0,20.0,1.0,1431.0,2022-03-15,04:00:00
2022-03-15 05:00:00,20.0,23.0,64.0,30.0,0.0,21.0,1.0,1857.0,2022-03-15,05:00:00
2022-03-15 06:00:00,19.0,22.0,65.0,30.0,0.0,21.0,1.0,1638.0,2022-03-15,06:00:00
2022-03-15 07:00:00,18.0,22.0,65.0,30.0,3.0,20.0,1.0,1510.0,2022-03-15,07:00:00
2022-03-15 08:00:00,17.0,20.0,66.0,30.0,55.0,19.0,1.0,1238.0,2022-03-15,08:00:00
2022-03-15 09:00:00,19.0,23.0,68.0,30.0,283.0,21.0,1.0,1707.0,2022-03-15,09:00:00
2022-03-15 10:00:00,19.0,22.0,69.0,30.0,268.0,20.0,1.0,1557.0,2022-03-15,10:00:00
2022-03-15 11:00:00,21.0,25.0,70.0,30.0,450.0,23.0,1.0,2143.0,2022-03-15,11:00:00
2022-03-15 12:00:00,19.0,24.0,70.0,30.0,292.0,22.0,1.0,1853.0,2022-03-15,12:00:00
2022-03-15 13:00:00,21.0,25.0,72.0,30.0,603.0,23.0,1.0,2129.0,2022-03-15,13:00:00
2022-03-15 14:00:00,20.0,24.0,70.0,30.0,283.0,22.0,1.0,2038.0,2022-03-15,14:00:00
2022-03-15 15:00:00,19.0,23.0,70.0,30.0,185.0,21.0,1.0,1780.0,2022-03-15,15:00:00
2022-03-15 16:00:00,19.0,22.0,69.0,30.0,111.0,20.0,1.0,1586.0,2022-03-15,16:00:00
2022-03-15 17:00:00,20.0,23.0,68.0,30.0,96.0,22.0,1.0,1854.0,2022-03-15,17:00:00
2022-03-15 18:00:00,20.0,23.0,68.0,30.0,54.0,21.0,1.0,1805.0,2022-03-15,18:00:00
2022-03-15 19:00:00,22.0,26.0,67.0,30.0,10.0,24.0,1.0,2484.0,2022-03-15,19:00:00
2022-03-15 20:00:00,20.0,24.0,66.0,30.0,0.0,22.0,1.0,2039.0,2022-03-15,20:00:00
2022-03-15 21:00:00,22.0,25.0,66.0,30.0,0.0,24.0,1.0,2463.0,2022-03-15,21:00:00
2022-03-15 22:00:00,21.0,25.0,67.0,30.0,0.0,23.0,1.0,2283.0,2022-03-15,22:00:00
2022-03-15 23:00:00,21.0,24.0,66.0,30.0,0.0,23.0,1.0,2171.0,2022-03-15,23:00:00
2022-03-16 00:00:00,23.0,27.0,66.0,30.0,0.0,25.0,1.0,2812.0,2022-03-16,00:00:00
2022-03-16 01:00:00,21.0,25.0,67.0,30.0,0.0,23.0,1.0,2366.0,2022-03-16,01:00:00
2022-03-16 02:00:00,20.0,23.0,66.0,30.0,0.0,21.0,1.0,1789.0,2022-03-16,02:00:00
2022-03-16 03:00:00,19.0,22.0,65.0,30.0,0.0,20.0,1.0,1568.0,2022-03-16,03:00:00
2022-03-16 04:00:00,19.0,22.0,65.0,30.0,0.0,21.0,1.0,1634.0,2022-03-16,04:00:00
2022-03-16 05:00:00,19.0,22.0,65.0,30.0,0.0,21.0,1.0,1652.0,2022-03-16,05:00:00
2022-03-16 06:00:00,18.0,21.0,66.0,30.0,0.0,19.0,1.0,1377.0,2022-03-16,06:00:00
2022-03-16 07:00:00,15.0,18.0,66.0,30.0,7.0,17.0,1.0,901.0,2022-03-16,07:00:00
2022-03-16 08:00:00,15.0,18.0,66.0,30.0,45.0,17.0,1.0,840.0,2022-03-16,08:00:00
2022-03-16 09:00:00,15.0,18.0,67.0,30.0,133.0,16.0,1.0,833.0,2022-03-16,09:00:00
2022-03-16 10:00:00,15.0,18.0,68.0,30.0,325.0,16.0,1.0,799.0,2022-03-16,10:00:00
2022-03-16 11:00:00,16.0,19.0,68.0,30.0,268.0,18.0,1.0,1060.0,2022-03-16,11:00:00
2022-03-16 12:00:00,14.0,16.0,67.0,30.0,240.0,15.0,1.0,638.0,2022-03-16,12:00:00
2022-03-16 13:00:00,14.0,17.0,66.0,30.0,270.0,16.0,1.0,737.0,2022-03-16,13:00:00
2022-03-16 14:00:00,15.0,18.0,69.0,30.0,637.0,16.0,1.0,776.0,2022-03-16,14:00:00
2022-03-16 15:00:00,17.0,21.0,70.0,30.0,514.0,19.0,1.0,1239.0,2022-03-16,15:00:00
2022-03-16 16:00:00,14.0,16.0,69.0,30.0,199.0,15.0,1.0,632.0,2022-03-16,16:00:00
2022-03-16 17:00:00,12.0,15.0,68.0,30.0,129.0,13.0,1.0,448.0,2022-03-16,17:00:00
2022-03-16 18:00:00,13.0,16.0,68.0,30.0,80.0,14.0,1.0,558.0,2022-03-16,18:00:00
2022-03-16 19:00:00,13.0,16.0,67.0,30.0,10.0,15.0,1.0,575.0,2022-03-16,19:00:00
2022-03-16 20:00:00,14.0,16.0,66.0,30.0,0.0,15.0,1.0,637.0,2022-03-16,20:00:00
2022-03-16 21:00:00,15.0,18.0,66.0,30.0,0.0,17.0,1.0,857.0,2022-03-16,21:00:00
2022-03-16 22:00:00,17.0,20.0,66.0,30.0,0.0,18.0,1.0,1166.0,2022-03-16,22:00:00
2022-03-16 23:00:00,14.0,17.0,66.0,30.0,0.0,16.0,1.0,706.0,2022-03-16,23:00:00
2022-03-17 00:00:00,13.0,15.0,66.0,30.0,0.0,14.0,1.0,529.0,2022-03-17,00:00:00
2022-03-17 01:00:00,15.0,17.0,66.0,30.0,0.0,16.0,1.0,775.0,2022-03-17,01:00:00
2022-03-17 02:00:00,13.0,15.0,66.0,30.0,0.0,14.0,1.0,484.0,2022-03-17,02:00:00
2022-03-17 03:00:00,10.0,12.0,65.0,30.0,0.0,11.0,1.0,267.0,2022-03-17,03:00:00
2022-03-17 04:00:00,10.0,12.0,65.0,30.0,0.0,11.0,1.0,228.0,2022-03-17,04:00:00
2022-03-17 05:00:00,8.0,9.0,65.0,30.0,0.0,9.0,1.0,118.0,2022-03-17,05:00:00
2022-03-17 06:00:00,7.0,9.0,65.0,30.0,0.0,8.0,1.0,100.0,2022-03-17,06:00:00
2022-03-17 07:00:00,6.0,7.0,65.0,30.0,3.0,7.0,1.0,0.0,2022-03-17,07:00:00
2022-03-17 08:00:00,6.0,8.0,66.0,30.0,48.0,7.0,1.0,0.0,2022-03-17,08:00:00
2022-03-17 09:00:00,6.0,8.0,67.0,30.0,87.0,7.0,1.0,0.0,2022-03-17,09:00:00
2022-03-17 10:00:00,8.0,10.0,70.0,30.0,291.0,9.0,1.0,149.0,2022-03-17,10:00:00
2022-03-17 11:00:00,6.0,7.0,68.0,30.0,127.0,6.0,1.0,0.0,2022-03-17,11:00:00
2022-03-17 12:00:00,5.0,6.0,69.0,30.0,367.0,6.0,1.0,0.0,2022-03-17,12:00:00
2022-03-17 13:00:00,5.0,7.0,72.0,30.0,775.0,6.0,1.0,0.0,2022-03-17,13:00:00
2022-03-17 14:00:00,7.0,9.0,72.0,30.0,656.0,8.0,1.0,98.0,2022-03-17,14:00:00
2022-03-17 15:00:00,13.0,16.0,71.0,30.0,641.0,14.0,1.0,542.0,2022-03-17,15:00:00
2022-03-17 16:00:00,12.0,14.0,71.0,30.0,503.0,13.0,1.0,395.0,2022-03-17,16:00:00
2022-03-17 17:00:00,9.0,11.0,70.0,30.0,274.0,10.0,1.0,175.0,2022-03-17,17:00:00
2022-03-17 18:00:00,10.0,11.0,68.0,30.0,55.0,11.0,1.0,219.0,2022-03-17,18:00:00
2022-03-17 19:00:00,8.0,9.0,66.0,30.0,13.0,8.0,1.0,108.0,2022-03-17,19:00:00
2022-03-17 20:00:00,6.0,7.0,65.0,30.0,0.0,7.0,1.0,0.0,2022-03-17,20:00:00
2022-03-17 21:00:00,4.0,4.0,65.0,30.0,0.0,4.0,1.0,0.0,2022-03-17,21:00:00
2022-03-17 22:00:00,6.0,7.0,65.0,30.0,0.0,7.0,1.0,0.0,2022-03-17,22:00:00
2022-03-17 23:00:00,7.0,9.0,64.0,30.0,0.0,8.0,1.0,89.0,2022-03-17,23:00:00
2022-03-18 00:00:00,9.0,10.0,61.0,30.0,0.0,9.0,1.0,158.0,2022-03-18,00:00:00
2022-03-18 01:00:00,5.0,6.0,59.0,30.0,0.0,5.0,1.0,0.0,2022-03-18,01:00:00
2022-03-18 02:00:00,4.0,5.0,59.0,30.0,0.0,5.0,1.0,0.0,2022-03-18,02:00:00
2022-03-18 03:00:00,5.0,6.0,60.0,30.0,0.0,6.0,1.0,0.0,2022-03-18,03:00:00
2022-03-18 04:00:00,8.0,10.0,60.0,30.0,0.0,9.0,1.0,153.0,2022-03-18,04:00:00
2022-03-18 05:00:00,9.0,11.0,59.0,30.0,0.0,10.0,1.0,179.0,2022-03-18,05:00:00
2022-03-18 06:00:00,7.0,8.0,58.0,30.0,0.0,7.0,1.0,77.0,2022-03-18,06:00:00
2022-03-18 07:00:00,3.0,4.0,58.0,30.0,16.0,4.0,1.0,0.0,2022-03-18,07:00:00
2022-03-18 08:00:00,6.0,7.0,60.0,30.0,114.0,6.0,1.0,0.0,2022-03-18,08:00:00
2022-03-18 09:00:00,10.0,12.0,62.0,30.0,242.0,11.0,1.0,262.0,2022-03-18,09:00:00
2022-03-18 10:00:00,11.0,14.0,63.0,30.0,599.0,13.0,1.0,375.0,2022-03-18,10:00:00
2022-03-18 11:00:00,12.0,15.0,64.0,30.0,814.0,14.0,1.0,463.0,2022-03-18,11:00:00
2022-03-18 12:00:00,14.0,18.0,66.0,30.0,874.0,16.0,1.0,733.0,2022-03-18,12:00:00
2022-03-18 13:00:00,14.0,17.0,66.0,30.0,747.0,16.0,1.0,706.0,2022-03-18,13:00:00
2022-03-18 14:00:00,17.0,21.0,66.0,30.0,634.0,19.0,1.0,1217.0,2022-03-18,14:00:00
2022-03-18 15:00:00,17.0,21.0,66.0,30.0,591.0,19.0,1.0,1303.0,2022-03-18,15:00:00
2022-03-18 16:00:00,16.0,19.0,66.0,30.0,466.0,18.0,1.0,1032.0,2022-03-18,16:00:00
2022-03-18 17:00:00,16.0,20.0,64.0,30.0,278.0,18.0,1.0,1111.0,2022-03-18,17:00:00
2022-03-18 18:00:00,13.0,16.0,63.0,30.0,92.0,15.0,1.0,598.0,2022-03-18,18:00:00
2022-03-18 19:00:00,9.0,11.0,61.0,30.0,12.0,10.0,1.0,201.0,2022-03-18,19:00:00
2022-03-18 20:00:00,9.0,11.0,60.0,30.0,0.0,10.0,1.0,170.0,2022-03-18,20:00:00
2022-03-18 21:00:00,7.0,9.0,60.0,30.0,0.0,8.0,1.0,92.0,2022-03-18,21:00:00
2022-03-18 22:00:00,6.0,7.0,61.0,30.0,0.0,6.0,1.0,0.0,2022-03-18,22:00:00
2022-03-18 23:00:00,4.0,5.0,61.0,30.0,0.0,5.0,1.0,0.0,2022-03-18,23:00:00
2022-03-19 00:00:00,3.0,4.0,61.0,30.0,0.0,3.0,1.0,0.0,2022-03-19,00:00:00
2022-03-19 01:00:00,2.0,3.0,60.0,30.0,0.0,2.0,1.0,0.0,2022-03-19,01:00:00
2022-03-19 02:00:00,3.0,4.0,61.0,30.0,0.0,4.0,1.0,0.0,2022-03-19,02:00:00
2022-03-19 03:00:00,4.0,5.0,61.0,30.0,0.0,4.0,1.0,0.0,2022-03-19,03:00:00
2022-03-19 04:00:00,3.0,3.0,59.0,30.0,0.0,3.0,1.0,0.0,2022-03-19,04:00:00
2022-03-19 05:00:00,6.0,8.0,59.0,30.0,0.0,7.0,1.0,0.0,2022-03-19,05:00:00
2022-03-19 06:00:00,8.0,9.0,56.0,30.0,0.0,9.0,1.0,125.0,2022-03-19,06:00:00
2022-03-19 07:00:00,8.0,10.0,55.0,30.0,13.0,9.0,1.0,142.0,2022-03-19,07:00:00
2022-03-19 08:00:00,11.0,13.0,57.0,30.0,84.0,12.0,1.0,294.0,2022-03-19,08:00:00
2022-03-19 09:00:00,12.0,14.0,61.0,30.0,275.0,13.0,1.0,424.0,2022-03-19,09:00:00
2022-03-19 10:00:00,16.0,19.0,64.0,30.0,590.0,17.0,1.0,976.0,2022-03-19,10:00:00
2022-03-19 11:00:00,19.0,22.0,65.0,30.0,908.0,20.0,1.0,1553.0,2022-03-19,11:00:00
2022-03-19 12:00:00,18.0,22.0,66.0,30.0,949.0,20.0,1.0,1494.0,2022-03-19,12:00:00
2022-03-19 13:00:00,19.0,23.0,68.0,30.0,749.0,21.0,1.0,1748.0,2022-03-19,13:00:00
2022-03-19 14:00:00,20.0,24.0,69.0,30.0,638.0,22.0,1.0,1872.0,2022-03-19,14:00:00
2022-03-19 15:00:00,18.0,22.0,69.0,30.0,597.0,20.0,1.0,1540.0,2022-03-19,15:00:00
2022-03-19 16:00:00,21.0,25.0,68.0,30.0,459.0,23.0,1.0,2243.0,2022-03-19,16:00:00
2022-03-19 17:00:00,23.0,27.0,66.0,30.0,283.0,25.0,1.0,2797.0,2022-03-19,17:00:00
2022-03-19 18:00:00,17.0,20.0,64.0,30.0,88.0,19.0,1.0,1224.0,2022-03-19,18:00:00
2022-03-19 19:00:00,16.0,19.0,62.0,30.0,11.0,17.0,1.0,984.0,2022-03-19,19:00:00
2022-03-19 20:00:00,16.0,19.0,62.0,30.0,0.0,18.0,1.0,1045.0,2022-03-19,20:00:00
2022-03-19 21:00:00,16.0,19.0,62.0,30.0,0.0,17.0,1.0,968.0,2022-03-19,21:00:00
2022-03-19 22:00:00,18.0,22.0,62.0,30.0,0.0,20.0,1.0,1487.0,2022-03-19,22:00:00
2022-03-19 23:00:00,15.0,18.0,62.0,30.0,0.0,16.0,1.0,813.0,2022-03-19,23:00:00
2022-03-20 00:00:00,13.0,16.0,62.0,30.0,0.0,15.0,1.0,594.0,2022-03-20,00:00:00
2022-03-20 01:00:00,12.0,15.0,62.0,30.0,0.0,13.0,1.0,458.0,2022-03-20,01:00:00
2022-03-20 02:00:00,10.0,12.0,62.0,30.0,0.0,11.0,1.0,255.0,2022-03-20,02:00:00
2022-03-20 03:00:00,12.0,14.0,62.0,30.0,0.0,13.0,1.0,389.0,2022-03-20,03:00:00
2022-03-20 04:00:00,12.0,15.0,62.0,30.0,0.0,14.0,1.0,478.0,2022-03-20,04:00:00
2022-03-20 05:00:00,11.0,13.0,61.0,30.0,0.0,12.0,1.0,328.0,2022-03-20,05:00:00
2022-03-20 06:00:00,9.0,11.0,61.0,30.0,0.0,10.0,1.0,190.0,2022-03-20,06:00:00
2022-03-20 07:00:00,5.0,6.0,41.0,30.0,3.0,6.0,1.0,0.0,2022-03-20,07:00:00
2022-03-20 08:00:00,6.0,7.0,47.0,30.0,64.0,6.0,1.0,0.0,2022-03-20,08:00:00
2022-03-20 09:00:00,8.0,9.0,65.0,30.0,226.0,8.0,1.0,113.0,2022-03-20,09:00:00
2022-03-20 10:00:00,9.0,10.0,66.0,30.0,212.0,10.0,1.0,162.0,2022-03-20,10:00:00
2022-03-20 11:00:00,8.0,9.0,67.0,30.0,328.0,9.0,1.0,121.0,2022-03-20,11:00:00
2022-03-20 12:00:00,8.0,9.0,68.0,30.0,470.0,8.0,1.0,114.0,2022-03-20,12:00:00
2022-03-20 13:00:00,7.0,9.0,70.0,30.0,753.0,8.0,1.0,98.0,2022-03-20,13:00:00
2022-03-20 14:00:00,6.0,8.0,72.0,30.0,680.0,7.0,1.0,73.0,2022-03-20,14:00:00
2022-03-20 15:00:00,8.0,9.0,73.0,30.0,537.0,8.0,1.0,110.0,2022-03-20,15:00:00
2022-03-20 16:00:00,7.0,8.0,70.0,30.0,231.0,8.0,1.0,82.0,2022-03-20,16:00:00
2022-03-20 17:00:00,10.0,12.0,70.0,30.0,280.0,11.0,1.0,239.0,2022-03-20,17:00:00
2022-03-20 18:00:00,9.0,11.0,67.0,30.0,87.0,10.0,1.0,191.0,2022-03-20,18:00:00
2022-03-20 19:00:00,8.0,10.0,65.0,30.0,10.0,9.0,1.0,150.0,2022-03-20,19:00:00
2022-03-20 20:00:00,7.0,9.0,63.0,30.0,0.0,8.0,1.0,94.0,2022-03-20,20:00:00
2022-03-20 21:00:00,5.0,6.0,61.0,30.0,0.0,5.0,1.0,0.0,2022-03-20,21:00:00
2022-03-20 22:00:00,3.0,4.0,61.0,30.0,0.0,4.0,1.0,0.0,2022-03-20,22:00:00
2022-03-20 23:00:00,3.0,3.0,60.0,30.0,0.0,3.0,1.0,0.0,2022-03-20,23:00:00
2022-03-21 00:00:00,3.0,4.0,59.0,30.0,0.0,4.0,1.0,0.0,2022-03-21,00:00:00
2022-03-21 01:00:00,5.0,6.0,59.0,30.0,0.0,6.0,1.0,0.0,2022-03-21,01:00:00
2022-03-21 02:00:00,4.0,4.0,60.0,30.0,0.0,4.0,1.0,0.0,2022-03-21,02:00:00
2022-03-21 03:00:00,4.0,5.0,59.0,30.0,0.0,5.0,1.0,0.0,2022-03-21,03:00:00
2022-03-21 04:00:00,7.0,8.0,59.0,30.0,0.0,7.0,1.0,0.0,2022-03-21,04:00:00
2022-03-21 05:00:00,7.0,8.0,60.0,30.0,0.0,8.0,1.0,86.0,2022-03-21,05:00:00
2022-03-21 06:00:00,4.0,5.0,60.0,30.0,0.0,4.0,1.0,0.0,2022-03-21,06:00:00
2022-03-21 07:00:00,6.0,7.0,59.0,30.0,12.0,6.0,1.0,0.0,2022-03-21,07:00:00
2022-03-21 08:00:00,9.0,11.0,62.0,30.0,91.0,10.0,1.0,189.0,2022-03-21,08:00:00
2022-03-21 09:00:00,16.0,19.0,66.0,30.0,269.0,17.0,1.0,946.0,2022-03-21,09:00:00
2022-03-21 10:00:00,18.0,22.0,68.0,30.0,565.0,20.0,1.0,1528.0,2022-03-21,10:00:00
2022-03-21 11:00:00,20.0,24.0,70.0,30.0,791.0,22.0,1.0,2006.0,2022-03-21,11:00:00
2022-03-21 12:00:00,20.0,24.0,71.0,30.0,930.0,22.0,1.0,1954.0,2022-03-21,12:00:00
2022-03-21 13:00:00,18.0,21.0,72.0,30.0,858.0,19.0,1.0,1354.0,2022-03-21,13:00:00
2022-03-21 14:00:00,17.0,21.0,70.0,30.0,444.0,19.0,1.0,1360.0,2022-03-21,14:00:00
2022-03-21 15:00:00,13.0,16.0,68.0,30.0,233.0,15.0,1.0,577.0,2022-03-21,15:00:00
2022-03-21 16:00:00,12.0,14.0,68.0,30.0,230.0,13.0,1.0,401.0,2022-03-21,16:00:00
2022-03-21 17:00:00,10.0,12.0,67.0,30.0,83.0,11.0,1.0,216.0,2022-03-21,17:00:00
2022-03-21 18:00:00,8.0,10.0,66.0,30.0,12.0,9.0,1.0,145.0,2022-03-21,18:00:00
2022-03-21 19:00:00,6.0,7.0,65.0,30.0,2.0,6.0,1.0,0.0,2022-03-21,19:00:00
2022-03-21 20:00:00,6.0,8.0,64.0,30.0,0.0,7.0,1.0,0.0,2022-03-21,20:00:00
2022-03-21 21:00:00,1.0,2.0,64.0,30.0,0.0,2.0,1.0,0.0,2022-03-21,21:00:00
2022-03-21 22:00:00,1.0,2.0,63.0,30.0,0.0,2.0,1.0,0.0,2022-03-21,22:00:00
2022-03-21 23:00:00,3.0,4.0,63.0,30.0,0.0,3.0,1.0,0.0,2022-03-21,23:00:00
2022-03-22 00:00:00,1.0,2.0,61.0,30.0,0.0,1.0,1.0,0.0,2022-03-22,00:00:00
2022-03-22 01:00:00,0.0,0.0,61.0,30.0,0.0,0.0,1.0,0.0,2022-03-22,01:00:00
2022-03-22 02:00:00,2.0,2.0,62.0,30.0,0.0,2.0,1.0,0.0,2022-03-22,02:00:00
2022-03-22 03:00:00,5.0,6.0,62.0,30.0,0.0,6.0,1.0,0.0,2022-03-22,03:00:00
2022-03-22 04:00:00,4.0,5.0,61.0,30.0,0.0,4.0,1.0,0.0,2022-03-22,04:00:00
2022-03-22 05:00:00,5.0,6.0,61.0,30.0,0.0,5.0,1.0,0.0,2022-03-22,05:00:00
2022-03-22 06:00:00,6.0,7.0,61.0,30.0,0.0,7.0,1.0,0.0,2022-03-22,06:00:00
2022-03-22 07:00:00,5.0,6.0,60.0,30.0,3.0,5.0,1.0,0.0,2022-03-22,07:00:00
2022-03-22 08:00:00,3.0,4.0,60.0,30.0,57.0,4.0,1.0,0.0,2022-03-22,08:00:00
2022-03-22 09:00:00,1.0,2.0,60.0,30.0,58.0,1.0,1.0,0.0,2022-03-22,09:00:00
2022-03-22 10:00:00,2.0,3.0,60.0,30.0,85.0,2.0,1.0,0.0,2022-03-22,10:00:00
2022-03-22 11:00:00,6.0,7.0,60.0,30.0,87.0,7.0,1.0,0.0,2022-03-22,11:00:00
2022-03-22 12:00:00,5.0,6.0,59.0,30.0,104.0,5.0,1.0,0.0,2022-03-22,12:00:00
2022-03-22 13:00:00,7.0,8.0,58.0,30.0,94.0,7.0,1.0,73.0,2022-03-22,13:00:00
2022-03-22 14:00:00,9.0,10.0,58.0,30.0,119.0,10.0,1.0,165.0,2022-03-22,14:00:00
2022-03-22 15:00:00,10.0,12.0,58.0,30.0,144.0,11.0,1.0,246.0,2022-03-22,15:00:00
2022-03-22 16:00:00,12.0,14.0,59.0,30.0,195.0,13.0,1.0,412.0,2022-03-22,16:00:00
2022-03-22 17:00:00,14.0,16.0,61.0,30.0,252.0,15.0,1.0,623.0,2022-03-22,17:00:00
2022-03-22 18:00:00,13.0,16.0,60.0,30.0,102.0,14.0,1.0,544.0,2022-03-22,18:00:00
2022-03-22 19:00:00,11.0,13.0,58.0,30.0,11.0,12.0,1.0,301.0,2022-03-22,19:00:00
2022-03-22 20:00:00,9.0,11.0,58.0,30.0,0.0,10.0,1.0,205.0,2022-03-22,20:00:00
2022-03-22 21:00:00,7.0,8.0,58.0,30.0,0.0,7.0,1.0,78.0,2022-03-22,21:00:00
2022-03-22 22:00:00,7.0,9.0,58.0,30.0,0.0,8.0,1.0,91.0,2022-03-22,22:00:00
2022-03-22 23:00:00,10.0,12.0,56.0,30.0,0.0,11.0,1.0,227.0,2022-03-22,23:00:00
2022-03-23 00:00:00,10.0,12.0,57.0,30.0,0.0,11.0,1.0,267.0,2022-03-23,00:00:00
2022-03-23 01:00:00,11.0,13.0,57.0,30.0,0.0,12.0,1.0,365.0,2022-03-23,01:00:00
2022-03-23 02:00:00,12.0,15.0,58.0,30.0,0.0,14.0,1.0,468.0,2022-03-23,02:00:00
2022-03-23 03:00:00,14.0,17.0,58.0,30.0,0.0,15.0,1.0,682.0,2022-03-23,03:00:00
2022-03-23 04:00:00,15.0,18.0,56.0,30.0,0.0,16.0,1.0,812.0,2022-03-23,04:00:00
2022-03-23 05:00:00,12.0,15.0,56.0,30.0,0.0,14.0,1.0,483.0,2022-03-23,05:00:00
2022-03-23 06:00:00,14.0,16.0,57.0,30.0,0.0,15.0,1.0,637.0,2022-03-23,06:00:00
2022-03-23 07:00:00,15.0,18.0,57.0,30.0,12.0,17.0,1.0,861.0,2022-03-23,07:00:00
2022-03-23 08:00:00,15.0,18.0,58.0,30.0,82.0,16.0,1.0,831.0,2022-03-23,08:00:00
2022-03-23 09:00:00,16.0,19.0,58.0,30.0,175.0,17.0,1.0,1008.0,2022-03-23,09:00:00
2022-03-23 10:00:00,16.0,19.0,59.0,30.0,482.0,18.0,1.0,1011.0,2022-03-23,10:00:00
2022-03-23 11:00:00,16.0,19.0,61.0,30.0,585.0,18.0,1.0,1020.0,2022-03-23,11:00:00
2022-03-23 12:00:00,15.0,19.0,61.0,30.0,616.0,17.0,1.0,921.0,2022-03-23,12:00:00
2022-03-23 13:00:00,14.0,17.0,61.0,30.0,429.0,16.0,1.0,712.0,2022-03-23,13:00:00
2022-03-23 14:00:00,14.0,16.0,60.0,30.0,385.0,15.0,1.0,628.0,2022-03-23,14:00:00
2022-03-23 15:00:00,14.0,17.0,62.0,30.0,562.0,16.0,1.0,737.0,2022-03-23,15:00:00
2022-03-23 16:00:00,13.0,16.0,61.0,30.0,464.0,14.0,1.0,550.0,2022-03-23,16:00:00
2022-03-23 17:00:00,11.0,13.0,60.0,30.0,133.0,12.0,1.0,320.0,2022-03-23,17:00:00
2022-03-23 18:00:00,9.0,11.0,60.0,30.0,58.0,10.0,1.0,173.0,2022-03-23,18:00:00
2022-03-23 19:00:00,7.0,9.0,58.0,30.0,1.0,8.0,1.0,104.0,2022-03-23,19:00:00
2022-03-23 20:00:00,5.0,5.0,58.0,30.0,0.0,5.0,1.0,0.0,2022-03-23,20:00:00
2022-03-23 21:00:00,4.0,5.0,58.0,30.0,0.0,4.0,1.0,0.0,2022-03-23,21:00:00
2022-03-23 22:00:00,5.0,6.0,58.0,30.0,0.0,6.0,1.0,0.0,2022-03-23,22:00:00
2022-03-23 23:00:00,7.0,8.0,59.0,30.0,0.0,7.0,1.0,74.0,2022-03-23,23:00:00
2022-03-24 00:00:00,7.0,9.0,59.0,30.0,0.0,8.0,1.0,104.0,2022-03-24,00:00:00
2022-03-24 01:00:00,7.0,8.0,59.0,30.0,0.0,8.0,1.0,87.0,2022-03-24,01:00:00
2022-03-24 02:00:00,9.0,11.0,59.0,30.0,0.0,10.0,1.0,214.0,2022-03-24,02:00:00
2022-03-24 03:00:00,9.0,11.0,59.0,30.0,0.0,10.0,1.0,177.0,2022-03-24,03:00:00
2022-03-24 04:00:00,9.0,11.0,60.0,30.0,0.0,10.0,1.0,197.0,2022-03-24,04:00:00
2022-03-24 05:00:00,8.0,10.0,60.0,30.0,0.0,9.0,1.0,137.0,2022-03-24,05:00:00
2022-03-24 06:00:00,9.0,10.0,60.0,30.0,0.0,10.0,1.0,171.0,2022-03-24,06:00:00
2022-03-24 07:00:00,7.0,9.0,60.0,30.0,3.0,8.0,1.0,100.0,2022-03-24,07:00:00
2022-03-24 08:00:00,9.0,11.0,61.0,30.0,41.0,10.0,1.0,174.0,2022-03-24,08:00:00
2022-03-24 09:00:00,9.0,11.0,61.0,30.0,78.0,10.0,1.0,196.0,2022-03-24,09:00:00
2022-03-24 10:00:00,10.0,11.0,62.0,30.0,183.0,10.0,1.0,209.0,2022-03-24,10:00:00
2022-03-24 11:00:00,11.0,13.0,62.0,30.0,224.0,12.0,1.0,320.0,2022-03-24,11:00:00
2022-03-24 12:00:00,14.0,16.0,61.0,30.0,368.0,15.0,1.0,649.0,2022-03-24,12:00:00
2022-03-24 13:00:00,11.0,12.0,62.0,30.0,562.0,12.0,1.0,286.0,2022-03-24,13:00:00
2022-03-24 14:00:00,14.0,17.0,63.0,30.0,584.0,16.0,1.0,719.0,2022-03-24,14:00:00
2022-03-24 15:00:00,13.0,15.0,63.0,30.0,422.0,14.0,1.0,494.0,2022-03-24,15:00:00
2022-03-24 16:00:00,13.0,16.0,63.0,30.0,501.0,14.0,1.0,561.0,2022-03-24,16:00:00
2022-03-24 17:00:00,10.0,12.0,61.0,30.0,181.0,11.0,1.0,231.0,2022-03-24,17:00:00
2022-03-24 18:00:00,9.0,11.0,60.0,30.0,60.0,10.0,1.0,185.0,2022-03-24,18:00:00
2022-03-24 19:00:00,9.0,11.0,60.0,30.0,7.0,10.0,1.0,208.0,2022-03-24,19:00:00
2022-03-24 20:00:00,11.0,13.0,59.0,30.0,0.0,12.0,1.0,338.0,2022-03-24,20:00:00
2022-03-24 21:00:00,5.0,6.0,57.0,30.0,0.0,5.0,1.0,0.0,2022-03-24,21:00:00
2022-03-24 22:00:00,4.0,5.0,57.0,30.0,0.0,5.0,1.0,0.0,2022-03-24,22:00:00
2022-03-24 23:00:00,7.0,8.0,58.0,30.0,0.0,7.0,1.0,0.0,2022-03-24,23:00:00
2022-03-25 00:00:00,8.0,9.0,58.0,30.0,0.0,9.0,1.0,126.0,2022-03-25,00:00:00
2022-03-25 01:00:00,4.0,5.0,58.0,30.0,0.0,5.0,1.0,0.0,2022-03-25,01:00:00
2022-03-25 02:00:00,4.0,5.0,58.0,30.0,0.0,4.0,1.0,0.0,2022-03-25,02:00:00
2022-03-25 03:00:00,4.0,5.0,59.0,30.0,0.0,5.0,1.0,0.0,2022-03-25,03:00:00
2022-03-25 04:00:00,6.0,7.0,59.0,30.0,0.0,6.0,1.0,0.0,2022-03-25,04:00:00
2022-03-25 05:00:00,8.0,9.0,59.0,30.0,0.0,8.0,1.0,104.0,2022-03-25,05:00:00
2022-03-25 06:00:00,2.0,3.0,53.0,30.0,0.0,3.0,1.0,0.0,2022-03-25,06:00:00
2022-03-25 07:00:00,6.0,6.0,58.0,30.0,7.0,6.0,1.0,0.0,2022-03-25,07:00:00
2022-03-25 08:00:00,7.0,8.0,60.0,30.0,76.0,7.0,1.0,0.0,2022-03-25,08:00:00
2022-03-25 09:00:00,6.0,8.0,61.0,30.0,177.0,7.0,1.0,0.0,2022-03-25,09:00:00
2022-03-25 10:00:00,8.0,9.0,61.0,30.0,304.0,8.0,1.0,114.0,2022-03-25,10:00:00
2022-03-25 11:00:00,8.0,10.0,62.0,30.0,831.0,9.0,1.0,134.0,2022-03-25,11:00:00
2022-03-25 12:00:00,11.0,13.0,62.0,30.0,656.0,12.0,1.0,354.0,2022-03-25,12:00:00
2022-03-25 13:00:00,11.0,13.0,64.0,30.0,716.0,12.0,1.0,302.0,2022-03-25,13:00:00
2022-03-25 14:00:00,13.0,17.0,65.0,30.0,673.0,15.0,1.0,637.0,2022-03-25,14:00:00
2022-03-25 15:00:00,12.0,15.0,64.0,30.0,595.0,14.0,1.0,469.0,2022-03-25,15:00:00
2022-03-25 16:00:00,9.0,11.0,65.0,30.0,530.0,10.0,1.0,208.0,2022-03-25,16:00:00
2022-03-25 17:00:00,10.0,12.0,64.0,30.0,270.0,11.0,1.0,221.0,2022-03-25,17:00:00
2022-03-25 18:00:00,7.0,8.0,63.0,30.0,66.0,8.0,1.0,80.0,2022-03-25,18:00:00
2022-03-25 19:00:00,3.0,3.0,60.0,30.0,6.0,3.0,1.0,0.0,2022-03-25,19:00:00
2022-03-25 20:00:00,3.0,3.0,57.0,30.0,0.0,3.0,1.0,0.0,2022-03-25,20:00:00
2022-03-25 21:00:00,3.0,3.0,55.0,30.0,0.0,3.0,1.0,0.0,2022-03-25,21:00:00
2022-03-25 22:00:00,2.0,3.0,55.0,30.0,0.0,3.0,1.0,0.0,2022-03-25,22:00:00
2022-03-25 23:00:00,5.0,6.0,55.0,30.0,0.0,5.0,1.0,0.0,2022-03-25,23:00:00
2022-03-26 00:00:00,6.0,7.0,56.0,30.0,0.0,6.0,1.0,0.0,2022-03-26,00:00:00
2022-03-26 01:00:00,8.0,10.0,56.0,30.0,0.0,9.0,1.0,145.0,2022-03-26,01:00:00
2022-03-26 02:00:00,9.0,11.0,56.0,30.0,0.0,10.0,1.0,176.0,2022-03-26,02:00:00
2022-03-26 03:00:00,9.0,11.0,56.0,30.0,0.0,10.0,1.0,179.0,2022-03-26,03:00:00
2022-03-26 04:00:00,9.0,10.0,55.0,30.0,0.0,10.0,1.0,173.0,2022-03-26,04:00:00
2022-03-26 05:00:00,5.0,6.0,56.0,30.0,0.0,5.0,1.0,0.0,2022-03-26,05:00:00
2022-03-26 06:00:00,4.0,4.0,56.0,30.0,0.0,4.0,1.0,0.0,2022-03-26,06:00:00
2022-03-26 07:00:00,1.0,1.0,56.0,30.0,8.0,1.0,1.0,0.0,2022-03-26,07:00:00
2022-03-26 08:00:00,2.0,3.0,58.0,30.0,70.0,2.0,1.0,0.0,2022-03-26,08:00:00
2022-03-26 09:00:00,2.0,2.0,61.0,30.0,256.0,2.0,1.0,0.0,2022-03-26,09:00:00
2022-03-26 10:00:00,8.0,9.0,64.0,30.0,536.0,9.0,1.0,117.0,2022-03-26,10:00:00
2022-03-26 11:00:00,9.0,11.0,67.0,30.0,781.0,10.0,1.0,170.0,2022-03-26,11:00:00
2022-03-26 12:00:00,9.0,11.0,66.0,30.0,853.0,10.0,1.0,183.0,2022-03-26,12:00:00
2022-03-26 13:00:00,8.0,10.0,66.0,30.0,779.0,9.0,1.0,126.0,2022-03-26,13:00:00
2022-03-26 14:00:00,9.0,10.0,66.0,30.0,779.0,9.0,1.0,158.0,2022-03-26,14:00:00
2022-03-26 15:00:00,7.0,8.0,65.0,30.0,467.0,8.0,1.0,83.0,2022-03-26,15:00:00
2022-03-26 16:00:00,4.0,5.0,65.0,30.0,281.0,5.0,1.0,0.0,2022-03-26,16:00:00
2022-03-26 17:00:00,1.0,2.0,66.0,30.0,250.0,1.0,1.0,0.0,2022-03-26,17:00:00
2022-03-26 18:00:00,2.0,3.0,66.0,30.0,60.0,2.0,1.0,0.0,2022-03-26,18:00:00
2022-03-26 19:00:00,1.0,1.0,61.0,30.0,5.0,1.0,1.0,0.0,2022-03-26,19:00:00
2022-03-26 20:00:00,1.0,2.0,60.0,30.0,0.0,2.0,1.0,0.0,2022-03-26,20:00:00
2022-03-26 21:00:00,6.0,7.0,59.0,30.0,0.0,6.0,1.0,0.0,2022-03-26,21:00:00
2022-03-26 22:00:00,6.0,7.0,59.0,30.0,0.0,6.0,1.0,0.0,2022-03-26,22:00:00
2022-03-26 23:00:00,7.0,8.0,60.0,30.0,0.0,8.0,1.0,89.0,2022-03-26,23:00:00
2022-03-27 00:00:00,7.0,9.0,60.0,30.0,0.0,8.0,1.0,92.0,2022-03-27,00:00:00
2022-03-27 01:00:00,7.0,8.0,59.0,30.0,0.0,8.0,1.0,91.0,2022-03-27,01:00:00
2022-03-27 02:00:00,6.0,7.0,58.0,30.0,0.0,6.0,1.0,0.0,2022-03-27,02:00:00
2022-03-27 03:00:00,4.0,5.0,58.0,30.0,0.0,5.0,1.0,0.0,2022-03-27,03:00:00
2022-03-27 04:00:00,7.0,8.0,59.0,30.0,0.0,7.0,1.0,76.0,2022-03-27,04:00:00
2022-03-27 05:00:00,8.0,9.0,60.0,30.0,0.0,9.0,1.0,119.0,2022-03-27,05:00:00
2022-03-27 06:00:00,5.0,6.0,61.0,30.0,0.0,5.0,1.0,0.0,2022-03-27,06:00:00
2022-03-27 07:00:00,7.0,9.0,62.0,30.0,8.0,8.0,1.0,95.0,2022-03-27,07:00:00
2022-03-27 08:00:00,8.0,9.0,64.0,30.0,66.0,9.0,1.0,120.0,2022-03-27,08:00:00
2022-03-27 09:00:00,12.0,14.0,67.0,30.0,260.0,13.0,1.0,401.0,2022-03-27,09:00:00
2022-03-27 10:00:00,16.0,19.0,69.0,30.0,471.0,18.0,1.0,1060.0,2022-03-27,10:00:00
2022-03-27 11:00:00,18.0,21.0,71.0,30.0,641.0,20.0,1.0,1436.0,2022-03-27,11:00:00
2022-03-27 12:00:00,,,,,,,,,2022-03-27,12:00:00
2022-03-27 13:00:00,,,,,,,,,2022-03-27,13:00:00
2022-03-27 14:00:00,,,,,,,,,2022-03-27,14:00:00
2022-03-27 15:00:00,13.0,16.0,73.0,30.0,540.0,14.0,1.0,547.0,2022-03-27,15:00:00
2022-03-27 16:00:00,13.0,16.0,71.0,30.0,410.0,14.0,1.0,525.0,2022-03-27,16:00:00
2022-03-27 17:00:00,11.0,13.0,69.0,30.0,220.0,12.0,1.0,327.0,2022-03-27,17:00:00
2022-03-27 18:00:00,10.0,12.0,67.0,30.0,44.0,11.0,1.0,232.0,2022-03-27,18:00:00
2022-03-27 19:00:00,8.0,10.0,64.0,30.0,5.0,9.0,1.0,146.0,2022-03-27,19:00:00
2022-03-27 20:00:00,9.0,10.0,63.0,30.0,0.0,10.0,1.0,167.0,2022-03-27,20:00:00
2022-03-27 21:00:00,10.0,12.0,62.0,30.0,0.0,11.0,1.0,264.0,2022-03-27,21:00:00
2022-03-27 22:00:00,13.0,15.0,62.0,30.0,0.0,14.0,1.0,496.0,2022-03-27,22:00:00
2022-03-27 23:00:00,11.0,13.0,62.0,30.0,0.0,12.0,1.0,338.0,2022-03-27,23:00:00
2022-03-28 00:00:00,9.0,10.0,62.0,30.0,0.0,9.0,1.0,157.0,2022-03-28,00:00:00
2022-03-28 01:00:00,7.0,8.0,62.0,30.0,0.0,8.0,1.0,86.0,2022-03-28,01:00:00
2022-03-28 02:00:00,8.0,10.0,62.0,30.0,0.0,9.0,1.0,134.0,2022-03-28,02:00:00
2022-03-28 03:00:00,7.0,9.0,62.0,30.0,0.0,8.0,1.0,96.0,2022-03-28,03:00:00
2022-03-28 04:00:00,8.0,10.0,63.0,30.0,0.0,9.0,1.0,144.0,2022-03-28,04:00:00
2022-03-28 05:00:00,8.0,10.0,64.0,30.0,0.0,9.0,1.0,132.0,2022-03-28,05:00:00
2022-03-28 06:00:00,2.0,2.0,64.0,30.0,0.0,2.0,1.0,0.0,2022-03-28,06:00:00
2022-03-28 07:00:00,2.0,2.0,64.0,30.0,3.0,2.0,1.0,0.0,2022-03-28,07:00:00
2022-03-28 08:00:00,2.0,3.0,64.0,30.0,42.0,2.0,1.0,0.0,2022-03-28,08:00:00
2022-03-28 09:00:00,5.0,7.0,64.0,30.0,62.0,6.0,1.0,0.0,2022-03-28,09:00:00
2022-03-28 10:00:00,9.0,11.0,65.0,30.0,417.0,10.0,1.0,169.0,2022-03-28,10:00:00
2022-03-28 11:00:00,11.0,13.0,67.0,30.0,607.0,12.0,1.0,314.0,2022-03-28,11:00:00
2022-03-28 12:00:00,12.0,14.0,67.0,30.0,820.0,13.0,1.0,403.0,2022-03-28,12:00:00
2022-03-28 13:00:00,11.0,14.0,68.0,30.0,791.0,12.0,1.0,339.0,2022-03-28,13:00:00
2022-03-28 14:00:00,11.0,13.0,68.0,30.0,762.0,12.0,1.0,316.0,2022-03-28,14:00:00
2022-03-28 15:00:00,11.0,14.0,67.0,30.0,655.0,13.0,1.0,366.0,2022-03-28,15:00:00
2022-03-28 16:00:00,12.0,14.0,66.0,30.0,409.0,13.0,1.0,412.0,2022-03-28,16:00:00
2022-03-28 17:00:00,11.0,14.0,62.0,30.0,184.0,13.0,1.0,393.0,2022-03-28,17:00:00
2022-03-28 18:00:00,8.0,10.0,60.0,30.0,45.0,9.0,1.0,138.0,2022-03-28,18:00:00
2022-03-28 19:00:00,8.0,10.0,59.0,30.0,3.0,9.0,1.0,119.0,2022-03-28,19:00:00
2022-03-28 20:00:00,6.0,8.0,59.0,30.0,0.0,7.0,1.0,0.0,2022-03-28,20:00:00
2022-03-28 21:00:00,5.0,6.0,58.0,30.0,0.0,5.0,1.0,0.0,2022-03-28,21:00:00
2022-03-28 22:00:00,5.0,6.0,56.0,30.0,0.0,5.0,1.0,0.0,2022-03-28,22:00:00
2022-03-28 23:00:00,7.0,9.0,55.0,30.0,0.0,8.0,1.0,100.0,2022-03-28,23:00:00
2022-03-29 00:00:00,7.0,9.0,55.0,30.0,0.0,8.0,1.0,97.0,2022-03-29,00:00:00
2022-03-29 01:00:00,9.0,11.0,55.0,30.0,0.0,10.0,1.0,190.0,2022-03-29,01:00:00
2022-03-29 02:00:00,10.0,12.0,55.0,30.0,0.0,11.0,1.0,250.0,2022-03-29,02:00:00
2022-03-29 03:00:00,9.0,11.0,54.0,30.0,0.0,10.0,1.0,179.0,2022-03-29,03:00:00
2022-03-29 04:00:00,10.0,12.0,55.0,30.0,0.0,11.0,1.0,241.0,2022-03-29,04:00:00
2022-03-29 05:00:00,9.0,11.0,56.0,30.0,0.0,10.0,1.0,209.0,2022-03-29,05:00:00
2022-03-29 06:00:00,8.0,10.0,56.0,30.0,0.0,9.0,1.0,146.0,2022-03-29,06:00:00
2022-03-29 07:00:00,7.0,9.0,55.0,30.0,7.0,8.0,1.0,87.0,2022-03-29,07:00:00
2022-03-29 08:00:00,8.0,9.0,56.0,30.0,66.0,9.0,1.0,120.0,2022-03-29,08:00:00
2022-03-29 09:00:00,5.0,6.0,60.0,30.0,187.0,5.0,1.0,0.0,2022-03-29,09:00:00
2022-03-29 10:00:00,2.0,3.0,63.0,30.0,450.0,2.0,1.0,0.0,2022-03-29,10:00:00
2022-03-29 11:00:00,4.0,5.0,65.0,30.0,709.0,5.0,1.0,0.0,2022-03-29,11:00:00
2022-03-29 12:00:00,9.0,11.0,65.0,30.0,616.0,10.0,1.0,206.0,2022-03-29,12:00:00
2022-03-29 13:00:00,14.0,17.0,65.0,30.0,799.0,15.0,1.0,686.0,2022-03-29,13:00:00
2022-03-29 14:00:00,15.0,17.0,64.0,30.0,708.0,16.0,1.0,751.0,2022-03-29,14:00:00
2022-03-29 15:00:00,11.0,14.0,62.0,30.0,407.0,12.0,1.0,359.0,2022-03-29,15:00:00
2022-03-29 16:00:00,11.0,13.0,61.0,30.0,258.0,12.0,1.0,349.0,2022-03-29,16:00:00
2022-03-29 17:00:00,9.0,12.0,60.0,30.0,146.0,10.0,1.0,216.0,2022-03-29,17:00:00
2022-03-29 18:00:00,8.0,10.0,59.0,30.0,43.0,9.0,1.0,143.0,2022-03-29,18:00:00
2022-03-29 19:00:00,6.0,8.0,58.0,30.0,2.0,7.0,1.0,71.0,2022-03-29,19:00:00
2022-03-29 20:00:00,5.0,7.0,58.0,30.0,0.0,6.0,1.0,0.0,2022-03-29,20:00:00
2022-03-29 21:00:00,2.0,3.0,57.0,30.0,0.0,2.0,1.0,0.0,2022-03-29,21:00:00
2022-03-29 22:00:00,4.0,5.0,57.0,30.0,0.0,5.0,1.0,0.0,2022-03-29,22:00:00
2022-03-29 23:00:00,2.0,2.0,56.0,30.0,0.0,2.0,1.0,0.0,2022-03-29,23:00:00
2022-03-30 00:00:00,1.0,2.0,55.0,30.0,0.0,2.0,1.0,0.0,2022-03-30,00:00:00
2022-03-30 01:00:00,2.0,2.0,55.0,30.0,0.0,2.0,1.0,0.0,2022-03-30,01:00:00
2022-03-30 02:00:00,1.0,2.0,54.0,30.0,0.0,2.0,1.0,0.0,2022-03-30,02:00:00
2022-03-30 03:00:00,1.0,1.0,55.0,30.0,0.0,1.0,1.0,0.0,2022-03-30,03:00:00
2022-03-30 04:00:00,1.0,1.0,54.0,30.0,0.0,1.0,1.0,0.0,2022-03-30,04:00:00
2022-03-30 05:00:00,2.0,2.0,53.0,30.0,0.0,2.0,1.0,0.0,2022-03-30,05:00:00
2022-03-30 06:00:00,4.0,5.0,55.0,30.0,0.0,4.0,1.0,0.0,2022-03-30,06:00:00
2022-03-30 07:00:00,3.0,4.0,56.0,30.0,4.0,4.0,1.0,0.0,2022-03-30,07:00:00
2022-03-30 08:00:00,5.0,6.0,58.0,30.0,75.0,6.0,1.0,0.0,2022-03-30,08:00:00
2022-03-30 09:00:00,9.0,11.0,60.0,30.0,250.0,10.0,1.0,204.0,2022-03-30,09:00:00
2022-03-30 10:00:00,10.0,13.0,60.0,30.0,472.0,11.0,1.0,279.0,2022-03-30,10:00:00
2022-03-30 11:00:00,12.0,15.0,63.0,30.0,696.0,13.0,1.0,418.0,2022-03-30,11:00:00
2022-03-30 12:00:00,13.0,17.0,65.0,30.0,737.0,15.0,1.0,625.0,2022-03-30,12:00:00
2022-03-30 13:00:00,15.0,18.0,65.0,30.0,694.0,16.0,1.0,830.0,2022-03-30,13:00:00
2022-03-30 14:00:00,17.0,20.0,63.0,30.0,680.0,18.0,1.0,1166.0,2022-03-30,14:00:00
2022-03-30 15:00:00,15.0,19.0,62.0,30.0,665.0,17.0,1.0,899.0,2022-03-30,15:00:00
2022-03-30 16:00:00,16.0,20.0,61.0,30.0,396.0,18.0,1.0,1177.0,2022-03-30,16:00:00
2022-03-30 17:00:00,14.0,17.0,59.0,30.0,101.0,15.0,1.0,687.0,2022-03-30,17:00:00
2022-03-30 18:00:00,11.0,15.0,58.0,30.0,46.0,13.0,1.0,423.0,2022-03-30,18:00:00
2022-03-30 19:00:00,12.0,15.0,57.0,30.0,2.0,14.0,1.0,472.0,2022-03-30,19:00:00
2022-03-30 20:00:00,10.0,13.0,57.0,30.0,0.0,12.0,1.0,320.0,2022-03-30,20:00:00
2022-03-30 21:00:00,9.0,11.0,56.0,30.0,0.0,10.0,1.0,202.0,2022-03-30,21:00:00
2022-03-30 22:00:00,10.0,13.0,55.0,30.0,0.0,12.0,1.0,291.0,2022-03-30,22:00:00
2022-03-30 23:00:00,12.0,15.0,55.0,30.0,0.0,14.0,1.0,496.0,2022-03-30,23:00:00
2022-03-31 00:00:00,11.0,14.0,54.0,30.0,0.0,13.0,1.0,388.0,2022-03-31,00:00:00
2022-03-31 01:00:00,12.0,15.0,53.0,30.0,0.0,13.0,1.0,440.0,2022-03-31,01:00:00
2022-03-31 02:00:00,12.0,15.0,53.0,30.0,0.0,13.0,1.0,451.0,2022-03-31,02:00:00
2022-03-31 03:00:00,11.0,14.0,52.0,30.0,0.0,12.0,1.0,357.0,2022-03-31,03:00:00
2022-03-31 04:00:00,9.0,12.0,52.0,30.0,0.0,11.0,1.0,230.0,2022-03-31,04:00:00
2022-03-31 05:00:00,7.0,8.0,50.0,30.0,0.0,7.0,1.0,76.0,2022-03-31,05:00:00
2022-03-31 06:00:00,5.0,7.0,49.0,30.0,0.0,6.0,1.0,0.0,2022-03-31,06:00:00
2022-03-31 07:00:00,5.0,7.0,49.0,31.0,6.0,6.0,1.0,0.0,2022-03-31,07:00:00
2022-03-31 08:00:00,8.0,10.0,53.0,31.0,57.0,9.0,1.0,133.0,2022-03-31,08:00:00
2022-03-31 09:00:00,12.0,14.0,56.0,31.0,241.0,13.0,1.0,439.0,2022-03-31,09:00:00
2022-03-31 10:00:00,12.0,15.0,58.0,31.0,441.0,13.0,1.0,439.0,2022-03-31,10:00:00
2022-03-31 11:00:00,13.0,17.0,60.0,31.0,652.0,15.0,1.0,635.0,2022-03-31,11:00:00
2022-03-31 12:00:00,12.0,15.0,61.0,31.0,700.0,14.0,1.0,477.0,2022-03-31,12:00:00
2022-03-31 13:00:00,10.0,12.0,63.0,31.0,639.0,11.0,1.0,285.0,2022-03-31,13:00:00
2022-03-31 14:00:00,8.0,10.0,64.0,31.0,605.0,9.0,1.0,128.0,2022-03-31,14:00:00
2022-03-31 15:00:00,10.0,13.0,64.0,31.0,553.0,12.0,1.0,298.0,2022-03-31,15:00:00
2022-03-31 16:00:00,13.0,16.0,62.0,31.0,321.0,15.0,1.0,583.0,2022-03-31,16:00:00
2022-03-31 17:00:00,4.0,6.0,60.0,31.0,65.0,5.0,1.0,0.0,2022-03-31,17:00:00
2022-03-31 18:00:00,5.0,6.0,60.0,31.0,29.0,6.0,1.0,0.0,2022-03-31,18:00:00
2022-03-31 19:00:00,2.0,2.0,57.0,31.0,1.0,2.0,1.0,0.0,2022-03-31,19:00:00
2022-03-31 20:00:00,0.0,0.0,55.0,31.0,0.0,0.0,1.0,0.0,2022-03-31,20:00:00
2022-03-31 21:00:00,3.0,4.0,54.0,31.0,0.0,3.0,1.0,0.0,2022-03-31,21:00:00
2022-03-31 22:00:00,3.0,4.0,54.0,31.0,0.0,3.0,1.0,0.0,2022-03-31,22:00:00
2022-03-31 23:00:00,6.0,7.0,53.0,31.0,0.0,6.0,1.0,0.0,2022-03-31,23:00:00
